Date_Time,Hazium_Concentration
2016/5/31 0:00,0
2016/5/31 0:05,0
2016/5/31 0:10,0
2016/5/31 0:15,0
2016/5/31 0:20,0
2016/5/31 0:25,0
2016/5/31 0:30,0
2016/5/31 0:35,0
2016/5/31 0:40,0
2016/5/31 0:45,0
2016/5/31 0:50,0
2016/5/31 0:55,0
2016/5/31 1:00,0
2016/5/31 1:05,0
2016/5/31 1:10,0
2016/5/31 1:15,0
2016/5/31 1:20,0
2016/5/31 1:25,0
2016/5/31 1:30,0
2016/5/31 1:35,0
2016/5/31 1:40,0
2016/5/31 1:45,0
2016/5/31 1:50,0
2016/5/31 1:55,0
2016/5/31 2:00,0
2016/5/31 2:05,0
2016/5/31 2:10,0
2016/5/31 2:15,0
2016/5/31 2:20,0
2016/5/31 2:25,0
2016/5/31 2:30,0
2016/5/31 2:35,0
2016/5/31 2:40,0
2016/5/31 2:45,0
2016/5/31 2:50,0
2016/5/31 2:55,0
2016/5/31 3:00,0
2016/5/31 3:05,0
2016/5/31 3:10,0
2016/5/31 3:15,0
2016/5/31 3:20,0
2016/5/31 3:25,0
2016/5/31 3:30,0
2016/5/31 3:35,0
2016/5/31 3:40,0
2016/5/31 3:45,0
2016/5/31 3:50,0
2016/5/31 3:55,0
2016/5/31 4:00,0
2016/5/31 4:05,0
2016/5/31 4:10,0
2016/5/31 4:15,0
2016/5/31 4:20,0
2016/5/31 4:25,0
2016/5/31 4:30,0
2016/5/31 4:35,0
2016/5/31 4:40,0
2016/5/31 4:45,0
2016/5/31 4:50,0
2016/5/31 4:55,0
2016/5/31 5:00,0
2016/5/31 5:05,0
2016/5/31 5:10,0
2016/5/31 5:15,0
2016/5/31 5:20,0
2016/5/31 5:25,0
2016/5/31 5:30,0
2016/5/31 5:35,0
2016/5/31 5:40,0
2016/5/31 5:45,0
2016/5/31 5:50,0
2016/5/31 5:55,0
2016/5/31 6:00,0
2016/5/31 6:05,0
2016/5/31 6:10,0
2016/5/31 6:15,0
2016/5/31 6:20,0
2016/5/31 6:25,0
2016/5/31 6:30,0
2016/5/31 6:35,0
2016/5/31 6:40,0
2016/5/31 6:45,0
2016/5/31 6:50,0
2016/5/31 6:55,0
2016/5/31 7:00,0
2016/5/31 7:05,0
2016/5/31 7:10,0
2016/5/31 7:15,0
2016/5/31 7:20,0
2016/5/31 7:25,0
2016/5/31 7:30,0
2016/5/31 7:35,0
2016/5/31 7:40,0
2016/5/31 7:45,0
2016/5/31 7:50,0
2016/5/31 7:55,0
2016/5/31 8:00,0
2016/5/31 8:05,0
2016/5/31 8:10,0
2016/5/31 8:15,0
2016/5/31 8:20,0
2016/5/31 8:25,0
2016/5/31 8:30,0
2016/5/31 8:35,0
2016/5/31 8:40,0
2016/5/31 8:45,0
2016/5/31 8:50,0
2016/5/31 8:55,0
2016/5/31 9:00,0
2016/5/31 9:05,0
2016/5/31 9:10,0
2016/5/31 9:15,0
2016/5/31 9:20,0
2016/5/31 9:25,0
2016/5/31 9:30,0
2016/5/31 9:35,0
2016/5/31 9:40,0
2016/5/31 9:45,0
2016/5/31 9:50,0
2016/5/31 9:55,0
2016/5/31 10:00,0
2016/5/31 10:05,0
2016/5/31 10:10,0
2016/5/31 10:15,0
2016/5/31 10:20,0
2016/5/31 10:25,0
2016/5/31 10:30,0
2016/5/31 10:35,0
2016/5/31 10:40,0
2016/5/31 10:45,0
2016/5/31 10:50,0
2016/5/31 10:55,0
2016/5/31 11:00,0
2016/5/31 11:05,0
2016/5/31 11:10,0
2016/5/31 11:15,0
2016/5/31 11:20,0
2016/5/31 11:25,0
2016/5/31 11:30,0
2016/5/31 11:35,0
2016/5/31 11:40,0
2016/5/31 11:45,0
2016/5/31 11:50,0
2016/5/31 11:55,0
2016/5/31 12:00,0
2016/5/31 12:05,0
2016/5/31 12:10,0
2016/5/31 12:15,0
2016/5/31 12:20,0
2016/5/31 12:25,0
2016/5/31 12:30,0
2016/5/31 12:35,0
2016/5/31 12:40,0
2016/5/31 12:45,0
2016/5/31 12:50,0
2016/5/31 12:55,0
2016/5/31 13:00,0
2016/5/31 13:05,0
2016/5/31 13:10,0
2016/5/31 13:15,0
2016/5/31 13:20,0
2016/5/31 13:25,0
2016/5/31 13:30,0
2016/5/31 13:35,0
2016/5/31 13:40,0
2016/5/31 13:45,0
2016/5/31 13:50,0
2016/5/31 13:55,0
2016/5/31 14:00,0
2016/5/31 14:05,0
2016/5/31 14:10,0
2016/5/31 14:15,0
2016/5/31 14:20,0
2016/5/31 14:25,0
2016/5/31 14:30,0
2016/5/31 14:35,0
2016/5/31 14:40,0
2016/5/31 14:45,0
2016/5/31 14:50,0
2016/5/31 14:55,0
2016/5/31 15:00,0
2016/5/31 15:05,0
2016/5/31 15:10,0
2016/5/31 15:15,0
2016/5/31 15:20,0
2016/5/31 15:25,0
2016/5/31 15:30,0
2016/5/31 15:35,0
2016/5/31 15:40,0
2016/5/31 15:45,0
2016/5/31 15:50,0
2016/5/31 15:55,0
2016/5/31 16:00,0
2016/5/31 16:05,0
2016/5/31 16:10,0
2016/5/31 16:15,0
2016/5/31 16:20,0
2016/5/31 16:25,0
2016/5/31 16:30,0
2016/5/31 16:35,0
2016/5/31 16:40,0
2016/5/31 16:45,0
2016/5/31 16:50,0
2016/5/31 16:55,0
2016/5/31 17:00,0
2016/5/31 17:05,0
2016/5/31 17:10,0
2016/5/31 17:15,0
2016/5/31 17:20,0
2016/5/31 17:25,0
2016/5/31 17:30,0
2016/5/31 17:35,0
2016/5/31 17:40,0
2016/5/31 17:45,0
2016/5/31 17:50,0
2016/5/31 17:55,0
2016/5/31 18:00,0
2016/5/31 18:05,0
2016/5/31 18:10,0
2016/5/31 18:15,0
2016/5/31 18:20,0
2016/5/31 18:25,0
2016/5/31 18:30,0
2016/5/31 18:35,0
2016/5/31 18:40,0
2016/5/31 18:45,0
2016/5/31 18:50,0
2016/5/31 18:55,0
2016/5/31 19:00,0
2016/5/31 19:05,0
2016/5/31 19:10,0
2016/5/31 19:15,0
2016/5/31 19:20,0
2016/5/31 19:25,0
2016/5/31 19:30,0
2016/5/31 19:35,0
2016/5/31 19:40,0
2016/5/31 19:45,0
2016/5/31 19:50,0
2016/5/31 19:55,0
2016/5/31 20:00,0
2016/5/31 20:05,0
2016/5/31 20:10,0
2016/5/31 20:15,0
2016/5/31 20:20,0
2016/5/31 20:25,0
2016/5/31 20:30,0
2016/5/31 20:35,0
2016/5/31 20:40,0
2016/5/31 20:45,0
2016/5/31 20:50,0
2016/5/31 20:55,0
2016/5/31 21:00,0
2016/5/31 21:05,0
2016/5/31 21:10,0
2016/5/31 21:15,0
2016/5/31 21:20,0
2016/5/31 21:25,0
2016/5/31 21:30,0
2016/5/31 21:35,0
2016/5/31 21:40,0
2016/5/31 21:45,0
2016/5/31 21:50,0
2016/5/31 21:55,0
2016/5/31 22:00,0
2016/5/31 22:05,0
2016/5/31 22:10,0
2016/5/31 22:15,0
2016/5/31 22:20,0
2016/5/31 22:25,0
2016/5/31 22:30,0
2016/5/31 22:35,0
2016/5/31 22:40,0
2016/5/31 22:45,0
2016/5/31 22:50,0
2016/5/31 22:55,0
2016/5/31 23:00,0
2016/5/31 23:05,0
2016/5/31 23:10,0
2016/5/31 23:15,0
2016/5/31 23:20,0
2016/5/31 23:25,0
2016/5/31 23:30,0
2016/5/31 23:35,0
2016/5/31 23:40,0
2016/5/31 23:45,0
2016/5/31 23:50,0
2016/5/31 23:55,0
2016/6/1 0:00,0
2016/6/1 0:05,0
2016/6/1 0:10,0
2016/6/1 0:15,0
2016/6/1 0:20,0
2016/6/1 0:25,0
2016/6/1 0:30,0
2016/6/1 0:35,0
2016/6/1 0:40,0
2016/6/1 0:45,0
2016/6/1 0:50,0
2016/6/1 0:55,0
2016/6/1 1:00,0
2016/6/1 1:05,0
2016/6/1 1:10,0
2016/6/1 1:15,0
2016/6/1 1:20,0
2016/6/1 1:25,0
2016/6/1 1:30,0
2016/6/1 1:35,0
2016/6/1 1:40,0
2016/6/1 1:45,0
2016/6/1 1:50,0
2016/6/1 1:55,0
2016/6/1 2:00,0
2016/6/1 2:05,0
2016/6/1 2:10,0
2016/6/1 2:15,0
2016/6/1 2:20,0
2016/6/1 2:25,0
2016/6/1 2:30,0
2016/6/1 2:35,0
2016/6/1 2:40,0
2016/6/1 2:45,0
2016/6/1 2:50,0
2016/6/1 2:55,0
2016/6/1 3:00,0
2016/6/1 3:05,0
2016/6/1 3:10,0
2016/6/1 3:15,0
2016/6/1 3:20,0
2016/6/1 3:25,0
2016/6/1 3:30,0
2016/6/1 3:35,0
2016/6/1 3:40,0
2016/6/1 3:45,0
2016/6/1 3:50,0
2016/6/1 3:55,0
2016/6/1 4:00,0
2016/6/1 4:05,0
2016/6/1 4:10,0
2016/6/1 4:15,0
2016/6/1 4:20,0
2016/6/1 4:25,0
2016/6/1 4:30,0
2016/6/1 4:35,0
2016/6/1 4:40,0
2016/6/1 4:45,0
2016/6/1 4:50,0
2016/6/1 4:55,0
2016/6/1 5:00,0
2016/6/1 5:05,0
2016/6/1 5:10,0
2016/6/1 5:15,0
2016/6/1 5:20,0
2016/6/1 5:25,0
2016/6/1 5:30,0
2016/6/1 5:35,0
2016/6/1 5:40,0
2016/6/1 5:45,0
2016/6/1 5:50,0
2016/6/1 5:55,0
2016/6/1 6:00,0
2016/6/1 6:05,0
2016/6/1 6:10,0
2016/6/1 6:15,0
2016/6/1 6:20,0
2016/6/1 6:25,0
2016/6/1 6:30,0
2016/6/1 6:35,0
2016/6/1 6:40,0
2016/6/1 6:45,0
2016/6/1 6:50,0
2016/6/1 6:55,0
2016/6/1 7:00,0
2016/6/1 7:05,0
2016/6/1 7:10,0
2016/6/1 7:15,0
2016/6/1 7:20,0
2016/6/1 7:25,0
2016/6/1 7:30,0
2016/6/1 7:35,0
2016/6/1 7:40,0
2016/6/1 7:45,0
2016/6/1 7:50,0
2016/6/1 7:55,0
2016/6/1 8:00,0
2016/6/1 8:05,0
2016/6/1 8:10,0
2016/6/1 8:15,0
2016/6/1 8:20,0
2016/6/1 8:25,0
2016/6/1 8:30,0
2016/6/1 8:35,0
2016/6/1 8:40,0
2016/6/1 8:45,0
2016/6/1 8:50,0
2016/6/1 8:55,0
2016/6/1 9:00,0
2016/6/1 9:05,0
2016/6/1 9:10,0
2016/6/1 9:15,0
2016/6/1 9:20,0
2016/6/1 9:25,0
2016/6/1 9:30,0
2016/6/1 9:35,0
2016/6/1 9:40,0
2016/6/1 9:45,0
2016/6/1 9:50,0
2016/6/1 9:55,0
2016/6/1 10:00,0
2016/6/1 10:05,0
2016/6/1 10:10,0
2016/6/1 10:15,0
2016/6/1 10:20,0
2016/6/1 10:25,0
2016/6/1 10:30,0
2016/6/1 10:35,0
2016/6/1 10:40,0
2016/6/1 10:45,0
2016/6/1 10:50,0
2016/6/1 10:55,0
2016/6/1 11:00,0
2016/6/1 11:05,0
2016/6/1 11:10,0
2016/6/1 11:15,0
2016/6/1 11:20,0
2016/6/1 11:25,0
2016/6/1 11:30,0
2016/6/1 11:35,0
2016/6/1 11:40,0
2016/6/1 11:45,0
2016/6/1 11:50,0
2016/6/1 11:55,0
2016/6/1 12:00,0
2016/6/1 12:05,0
2016/6/1 12:10,0
2016/6/1 12:15,0
2016/6/1 12:20,0
2016/6/1 12:25,0
2016/6/1 12:30,0
2016/6/1 12:35,0
2016/6/1 12:40,0
2016/6/1 12:45,0
2016/6/1 12:50,0
2016/6/1 12:55,0
2016/6/1 13:00,0
2016/6/1 13:05,0
2016/6/1 13:10,0
2016/6/1 13:15,0
2016/6/1 13:20,0
2016/6/1 13:25,0
2016/6/1 13:30,0
2016/6/1 13:35,0
2016/6/1 13:40,0
2016/6/1 13:45,0
2016/6/1 13:50,0
2016/6/1 13:55,0
2016/6/1 14:00,0
2016/6/1 14:05,0
2016/6/1 14:10,0
2016/6/1 14:15,0
2016/6/1 14:20,0
2016/6/1 14:25,0
2016/6/1 14:30,0
2016/6/1 14:35,0
2016/6/1 14:40,0
2016/6/1 14:45,0
2016/6/1 14:50,0
2016/6/1 14:55,0
2016/6/1 15:00,0
2016/6/1 15:05,0
2016/6/1 15:10,0
2016/6/1 15:15,0
2016/6/1 15:20,0
2016/6/1 15:25,0
2016/6/1 15:30,0
2016/6/1 15:35,0
2016/6/1 15:40,0
2016/6/1 15:45,0
2016/6/1 15:50,0
2016/6/1 15:55,0
2016/6/1 16:00,0
2016/6/1 16:05,0
2016/6/1 16:10,0
2016/6/1 16:15,0
2016/6/1 16:20,0
2016/6/1 16:25,0
2016/6/1 16:30,0
2016/6/1 16:35,0
2016/6/1 16:40,0
2016/6/1 16:45,0
2016/6/1 16:50,0
2016/6/1 16:55,0
2016/6/1 17:00,0
2016/6/1 17:05,0
2016/6/1 17:10,0
2016/6/1 17:15,0
2016/6/1 17:20,0
2016/6/1 17:25,0
2016/6/1 17:30,0
2016/6/1 17:35,0
2016/6/1 17:40,0
2016/6/1 17:45,0
2016/6/1 17:50,0
2016/6/1 17:55,0
2016/6/1 18:00,0
2016/6/1 18:05,0
2016/6/1 18:10,0
2016/6/1 18:15,0
2016/6/1 18:20,0
2016/6/1 18:25,0
2016/6/1 18:30,0
2016/6/1 18:35,0
2016/6/1 18:40,0
2016/6/1 18:45,0
2016/6/1 18:50,0
2016/6/1 18:55,0
2016/6/1 19:00,0
2016/6/1 19:05,0
2016/6/1 19:10,0
2016/6/1 19:15,0
2016/6/1 19:20,0
2016/6/1 19:25,0
2016/6/1 19:30,0
2016/6/1 19:35,0
2016/6/1 19:40,0
2016/6/1 19:45,0
2016/6/1 19:50,0
2016/6/1 19:55,0
2016/6/1 20:00,0
2016/6/1 20:05,0
2016/6/1 20:10,0
2016/6/1 20:15,0
2016/6/1 20:20,0
2016/6/1 20:25,0
2016/6/1 20:30,0
2016/6/1 20:35,0
2016/6/1 20:40,0
2016/6/1 20:45,0
2016/6/1 20:50,0
2016/6/1 20:55,0
2016/6/1 21:00,0
2016/6/1 21:05,0
2016/6/1 21:10,0
2016/6/1 21:15,0
2016/6/1 21:20,0
2016/6/1 21:25,0
2016/6/1 21:30,0
2016/6/1 21:35,0
2016/6/1 21:40,0
2016/6/1 21:45,0
2016/6/1 21:50,0
2016/6/1 21:55,0
2016/6/1 22:00,0
2016/6/1 22:05,0
2016/6/1 22:10,0
2016/6/1 22:15,0
2016/6/1 22:20,0
2016/6/1 22:25,0
2016/6/1 22:30,0
2016/6/1 22:35,0
2016/6/1 22:40,0
2016/6/1 22:45,0
2016/6/1 22:50,0
2016/6/1 22:55,0
2016/6/1 23:00,0
2016/6/1 23:05,0
2016/6/1 23:10,0
2016/6/1 23:15,0
2016/6/1 23:20,0
2016/6/1 23:25,0
2016/6/1 23:30,0
2016/6/1 23:35,0
2016/6/1 23:40,0
2016/6/1 23:45,0
2016/6/1 23:50,0
2016/6/1 23:55,0
2016/6/2 0:00,0
2016/6/2 0:05,0
2016/6/2 0:10,0
2016/6/2 0:15,0
2016/6/2 0:20,0
2016/6/2 0:25,0
2016/6/2 0:30,0
2016/6/2 0:35,0
2016/6/2 0:40,0
2016/6/2 0:45,0
2016/6/2 0:50,0
2016/6/2 0:55,0
2016/6/2 1:00,0
2016/6/2 1:05,0
2016/6/2 1:10,0
2016/6/2 1:15,0
2016/6/2 1:20,0
2016/6/2 1:25,0
2016/6/2 1:30,0
2016/6/2 1:35,0
2016/6/2 1:40,0
2016/6/2 1:45,0
2016/6/2 1:50,0
2016/6/2 1:55,0
2016/6/2 2:00,0
2016/6/2 2:05,0
2016/6/2 2:10,0
2016/6/2 2:15,0
2016/6/2 2:20,0
2016/6/2 2:25,0
2016/6/2 2:30,0
2016/6/2 2:35,0
2016/6/2 2:40,0
2016/6/2 2:45,0
2016/6/2 2:50,0
2016/6/2 2:55,0
2016/6/2 3:00,0
2016/6/2 3:05,0
2016/6/2 3:10,0
2016/6/2 3:15,0
2016/6/2 3:20,0
2016/6/2 3:25,0
2016/6/2 3:30,0
2016/6/2 3:35,0
2016/6/2 3:40,0
2016/6/2 3:45,0
2016/6/2 3:50,0
2016/6/2 3:55,0
2016/6/2 4:00,0
2016/6/2 4:05,0
2016/6/2 4:10,0
2016/6/2 4:15,0
2016/6/2 4:20,0
2016/6/2 4:25,0
2016/6/2 4:30,0
2016/6/2 4:35,0
2016/6/2 4:40,0
2016/6/2 4:45,0
2016/6/2 4:50,0
2016/6/2 4:55,0
2016/6/2 5:00,0
2016/6/2 5:05,0
2016/6/2 5:10,0
2016/6/2 5:15,0
2016/6/2 5:20,0
2016/6/2 5:25,0
2016/6/2 5:30,0
2016/6/2 5:35,0
2016/6/2 5:40,0
2016/6/2 5:45,0
2016/6/2 5:50,0
2016/6/2 5:55,0
2016/6/2 6:00,0
2016/6/2 6:05,0
2016/6/2 6:10,0
2016/6/2 6:15,0
2016/6/2 6:20,0
2016/6/2 6:25,0
2016/6/2 6:30,0
2016/6/2 6:35,0
2016/6/2 6:40,0
2016/6/2 6:45,0
2016/6/2 6:50,0
2016/6/2 6:55,0
2016/6/2 7:00,0
2016/6/2 7:05,0
2016/6/2 7:10,0
2016/6/2 7:15,0
2016/6/2 7:20,0
2016/6/2 7:25,0
2016/6/2 7:30,0
2016/6/2 7:35,0
2016/6/2 7:40,0
2016/6/2 7:45,0
2016/6/2 7:50,0
2016/6/2 7:55,0
2016/6/2 8:00,0
2016/6/2 8:05,0
2016/6/2 8:10,0
2016/6/2 8:15,0
2016/6/2 8:20,0
2016/6/2 8:25,0
2016/6/2 8:30,0
2016/6/2 8:35,0
2016/6/2 8:40,0
2016/6/2 8:45,0
2016/6/2 8:50,0
2016/6/2 8:55,0
2016/6/2 9:00,0
2016/6/2 9:05,0
2016/6/2 9:10,0
2016/6/2 9:15,0
2016/6/2 9:20,0
2016/6/2 9:25,0
2016/6/2 9:30,0
2016/6/2 9:35,0
2016/6/2 9:40,0
2016/6/2 9:45,0
2016/6/2 9:50,0
2016/6/2 9:55,0
2016/6/2 10:00,0
2016/6/2 10:05,0
2016/6/2 10:10,0
2016/6/2 10:15,0
2016/6/2 10:20,0
2016/6/2 10:25,0
2016/6/2 10:30,0
2016/6/2 10:35,0
2016/6/2 10:40,0
2016/6/2 10:45,0
2016/6/2 10:50,0
2016/6/2 10:55,0
2016/6/2 11:00,0
2016/6/2 11:05,0
2016/6/2 11:10,0
2016/6/2 11:15,0
2016/6/2 11:20,0
2016/6/2 11:25,0
2016/6/2 11:30,0
2016/6/2 11:35,0
2016/6/2 11:40,0
2016/6/2 11:45,0
2016/6/2 11:50,0
2016/6/2 11:55,0
2016/6/2 12:00,0
2016/6/2 12:05,0
2016/6/2 12:10,0
2016/6/2 12:15,0
2016/6/2 12:20,0
2016/6/2 12:25,0
2016/6/2 12:30,0
2016/6/2 12:35,0
2016/6/2 12:40,0
2016/6/2 12:45,0
2016/6/2 12:50,0
2016/6/2 12:55,0
2016/6/2 13:00,0
2016/6/2 13:05,0
2016/6/2 13:10,0
2016/6/2 13:15,0
2016/6/2 13:20,0
2016/6/2 13:25,0
2016/6/2 13:30,0
2016/6/2 13:35,0
2016/6/2 13:40,0
2016/6/2 13:45,0
2016/6/2 13:50,0
2016/6/2 13:55,0
2016/6/2 14:00,0
2016/6/2 14:05,0
2016/6/2 14:10,0
2016/6/2 14:15,0
2016/6/2 14:20,0
2016/6/2 14:25,0
2016/6/2 14:30,0
2016/6/2 14:35,0
2016/6/2 14:40,0
2016/6/2 14:45,0
2016/6/2 14:50,0
2016/6/2 14:55,0
2016/6/2 15:00,0
2016/6/2 15:05,0
2016/6/2 15:10,0
2016/6/2 15:15,0
2016/6/2 15:20,0
2016/6/2 15:25,0
2016/6/2 15:30,0
2016/6/2 15:35,0
2016/6/2 15:40,0
2016/6/2 15:45,0
2016/6/2 15:50,0
2016/6/2 15:55,0
2016/6/2 16:00,0
2016/6/2 16:05,0
2016/6/2 16:10,0
2016/6/2 16:15,0
2016/6/2 16:20,0
2016/6/2 16:25,0
2016/6/2 16:30,0
2016/6/2 16:35,0
2016/6/2 16:40,0
2016/6/2 16:45,0
2016/6/2 16:50,0
2016/6/2 16:55,0
2016/6/2 17:00,0
2016/6/2 17:05,0
2016/6/2 17:10,0
2016/6/2 17:15,0
2016/6/2 17:20,0
2016/6/2 17:25,0
2016/6/2 17:30,0
2016/6/2 17:35,0
2016/6/2 17:40,0
2016/6/2 17:45,0
2016/6/2 17:50,0
2016/6/2 17:55,0
2016/6/2 18:00,0
2016/6/2 18:05,0
2016/6/2 18:10,0
2016/6/2 18:15,0
2016/6/2 18:20,0
2016/6/2 18:25,0
2016/6/2 18:30,0
2016/6/2 18:35,0
2016/6/2 18:40,0
2016/6/2 18:45,0
2016/6/2 18:50,0
2016/6/2 18:55,0
2016/6/2 19:00,0
2016/6/2 19:05,0
2016/6/2 19:10,0
2016/6/2 19:15,0
2016/6/2 19:20,0
2016/6/2 19:25,0
2016/6/2 19:30,0
2016/6/2 19:35,0
2016/6/2 19:40,0
2016/6/2 19:45,0
2016/6/2 19:50,0
2016/6/2 19:55,0
2016/6/2 20:00,0
2016/6/2 20:05,0
2016/6/2 20:10,0
2016/6/2 20:15,0
2016/6/2 20:20,0
2016/6/2 20:25,0
2016/6/2 20:30,0
2016/6/2 20:35,0
2016/6/2 20:40,0
2016/6/2 20:45,0
2016/6/2 20:50,0
2016/6/2 20:55,0
2016/6/2 21:00,0
2016/6/2 21:05,0
2016/6/2 21:10,0
2016/6/2 21:15,0
2016/6/2 21:20,0
2016/6/2 21:25,0
2016/6/2 21:30,0
2016/6/2 21:35,0
2016/6/2 21:40,0
2016/6/2 21:45,0
2016/6/2 21:50,0
2016/6/2 21:55,0
2016/6/2 22:00,0
2016/6/2 22:05,0
2016/6/2 22:10,0
2016/6/2 22:15,0
2016/6/2 22:20,0
2016/6/2 22:25,0
2016/6/2 22:30,0
2016/6/2 22:35,0
2016/6/2 22:40,0
2016/6/2 22:45,0
2016/6/2 22:50,0
2016/6/2 22:55,0
2016/6/2 23:00,0
2016/6/2 23:05,0
2016/6/2 23:10,0
2016/6/2 23:15,0
2016/6/2 23:20,0
2016/6/2 23:25,0
2016/6/2 23:30,0
2016/6/2 23:35,0
2016/6/2 23:40,0
2016/6/2 23:45,0
2016/6/2 23:50,0
2016/6/2 23:55,0
2016/6/3 0:00,0
2016/6/3 0:05,0
2016/6/3 0:10,0
2016/6/3 0:15,0
2016/6/3 0:20,0
2016/6/3 0:25,0
2016/6/3 0:30,0
2016/6/3 0:35,0
2016/6/3 0:40,0
2016/6/3 0:45,0
2016/6/3 0:50,0
2016/6/3 0:55,0
2016/6/3 1:00,0
2016/6/3 1:05,0
2016/6/3 1:10,0
2016/6/3 1:15,0
2016/6/3 1:20,0
2016/6/3 1:25,0
2016/6/3 1:30,0
2016/6/3 1:35,0
2016/6/3 1:40,0
2016/6/3 1:45,0
2016/6/3 1:50,0
2016/6/3 1:55,0
2016/6/3 2:00,0
2016/6/3 2:05,0
2016/6/3 2:10,0
2016/6/3 2:15,0
2016/6/3 2:20,0
2016/6/3 2:25,0
2016/6/3 2:30,0
2016/6/3 2:35,0
2016/6/3 2:40,0
2016/6/3 2:45,0
2016/6/3 2:50,0
2016/6/3 2:55,0
2016/6/3 3:00,0
2016/6/3 3:05,0
2016/6/3 3:10,0
2016/6/3 3:15,0
2016/6/3 3:20,0
2016/6/3 3:25,0
2016/6/3 3:30,0
2016/6/3 3:35,0
2016/6/3 3:40,0
2016/6/3 3:45,0
2016/6/3 3:50,0
2016/6/3 3:55,0
2016/6/3 4:00,0
2016/6/3 4:05,0
2016/6/3 4:10,0
2016/6/3 4:15,0
2016/6/3 4:20,0
2016/6/3 4:25,0
2016/6/3 4:30,0
2016/6/3 4:35,0
2016/6/3 4:40,0
2016/6/3 4:45,0
2016/6/3 4:50,0
2016/6/3 4:55,0
2016/6/3 5:00,0
2016/6/3 5:05,0
2016/6/3 5:10,0
2016/6/3 5:15,0
2016/6/3 5:20,0
2016/6/3 5:25,0
2016/6/3 5:30,0
2016/6/3 5:35,0
2016/6/3 5:40,0
2016/6/3 5:45,0
2016/6/3 5:50,0
2016/6/3 5:55,0
2016/6/3 6:00,0
2016/6/3 6:05,0
2016/6/3 6:10,0
2016/6/3 6:15,0
2016/6/3 6:20,0
2016/6/3 6:25,0
2016/6/3 6:30,0
2016/6/3 6:35,0
2016/6/3 6:40,0
2016/6/3 6:45,0
2016/6/3 6:50,0
2016/6/3 6:55,0
2016/6/3 7:00,0
2016/6/3 7:05,0
2016/6/3 7:10,0
2016/6/3 7:15,0
2016/6/3 7:20,0
2016/6/3 7:25,0
2016/6/3 7:30,0
2016/6/3 7:35,0
2016/6/3 7:40,0
2016/6/3 7:45,0
2016/6/3 7:50,0
2016/6/3 7:55,0
2016/6/3 8:00,0
2016/6/3 8:05,0
2016/6/3 8:10,0
2016/6/3 8:15,0
2016/6/3 8:20,0
2016/6/3 8:25,0
2016/6/3 8:30,0
2016/6/3 8:35,0
2016/6/3 8:40,0
2016/6/3 8:45,0
2016/6/3 8:50,0
2016/6/3 8:55,0
2016/6/3 9:00,0
2016/6/3 9:05,0
2016/6/3 9:10,0
2016/6/3 9:15,0
2016/6/3 9:20,0
2016/6/3 9:25,0
2016/6/3 9:30,0
2016/6/3 9:35,0
2016/6/3 9:40,0
2016/6/3 9:45,0
2016/6/3 9:50,0
2016/6/3 9:55,0
2016/6/3 10:00,0
2016/6/3 10:05,0
2016/6/3 10:10,0
2016/6/3 10:15,0
2016/6/3 10:20,0
2016/6/3 10:25,0
2016/6/3 10:30,0
2016/6/3 10:35,0
2016/6/3 10:40,0
2016/6/3 10:45,0
2016/6/3 10:50,0
2016/6/3 10:55,0
2016/6/3 11:00,0
2016/6/3 11:05,0.095
2016/6/3 11:10,0.183
2016/6/3 11:15,0.263
2016/6/3 11:20,0.336
2016/6/3 11:25,0.403
2016/6/3 11:30,0.465
2016/6/3 11:35,0.521
2016/6/3 11:40,0.573
2016/6/3 11:45,0.62
2016/6/3 11:50,0.663
2016/6/3 11:55,0.703
2016/6/3 12:00,0.739
2016/6/3 12:05,0.772
2016/6/3 12:10,0.803
2016/6/3 12:15,0.831
2016/6/3 12:20,0.856
2016/6/3 12:25,0.879
2016/6/3 12:30,0.901
2016/6/3 12:35,0.92
2016/6/3 12:40,0.938
2016/6/3 12:45,0.955
2016/6/3 12:50,0.97
2016/6/3 12:55,0.983
2016/6/3 13:00,0.996
2016/6/3 13:05,1.007
2016/6/3 13:10,1.018
2016/6/3 13:15,1.028
2016/6/3 13:20,1.036
2016/6/3 13:25,1.044
2016/6/3 13:30,1.052
2016/6/3 13:35,1.059
2016/6/3 13:40,1.065
2016/6/3 13:45,1.07
2016/6/3 13:50,1.076
2016/6/3 13:55,1.08
2016/6/3 14:00,1.085
2016/6/3 14:05,1.089
2016/6/3 14:10,1.092
2016/6/3 14:15,1.096
2016/6/3 14:20,1.099
2016/6/3 14:25,1.102
2016/6/3 14:30,1.105
2016/6/3 14:35,1.107
2016/6/3 14:40,1.109
2016/6/3 14:45,1.112
2016/6/3 14:50,1.113
2016/6/3 14:55,1.115
2016/6/3 15:00,1.117
2016/6/3 15:05,1.118
2016/6/3 15:10,1.12
2016/6/3 15:15,1.121
2016/6/3 15:20,1.122
2016/6/3 15:25,1.123
2016/6/3 15:30,1.124
2016/6/3 15:35,1.125
2016/6/3 15:40,1.126
2016/6/3 15:45,1.127
2016/6/3 15:50,1.128
2016/6/3 15:55,1.128
2016/6/3 16:00,1.129
2016/6/3 16:05,1.13
2016/6/3 16:10,1.13
2016/6/3 16:15,1.131
2016/6/3 16:20,1.131
2016/6/3 16:25,1.131
2016/6/3 16:30,1.132
2016/6/3 16:35,1.132
2016/6/3 16:40,1.132
2016/6/3 16:45,1.132
2016/6/3 16:50,1.133
2016/6/3 16:55,1.133
2016/6/3 17:00,1.133
2016/6/3 17:05,1.133
2016/6/3 17:10,1.133
2016/6/3 17:15,1.133
2016/6/3 17:20,1.134
2016/6/3 17:25,1.134
2016/6/3 17:30,1.134
2016/6/3 17:35,1.134
2016/6/3 17:40,1.134
2016/6/3 17:45,1.135
2016/6/3 17:50,1.135
2016/6/3 17:55,1.135
2016/6/3 18:00,1.135
2016/6/3 18:05,1.136
2016/6/3 18:10,1.136
2016/6/3 18:15,1.136
2016/6/3 18:20,1.136
2016/6/3 18:25,1.136
2016/6/3 18:30,1.137
2016/6/3 18:35,1.041
2016/6/3 18:40,0.954
2016/6/3 18:45,0.874
2016/6/3 18:50,0.801
2016/6/3 18:55,0.734
2016/6/3 19:00,0.673
2016/6/3 19:05,0.616
2016/6/3 19:10,0.565
2016/6/3 19:15,0.518
2016/6/3 19:20,0.474
2016/6/3 19:25,0.435
2016/6/3 19:30,0.398
2016/6/3 19:35,0.365
2016/6/3 19:40,0.335
2016/6/3 19:45,0.307
2016/6/3 19:50,0.281
2016/6/3 19:55,0.258
2016/6/3 20:00,0.236
2016/6/3 20:05,0.216
2016/6/3 20:10,0.198
2016/6/3 20:15,0.182
2016/6/3 20:20,0.167
2016/6/3 20:25,0.153
2016/6/3 20:30,0.14
2016/6/3 20:35,0.128
2016/6/3 20:40,0.118
2016/6/3 20:45,0.108
2016/6/3 20:50,0.099
2016/6/3 20:55,0.091
2016/6/3 21:00,0.083
2016/6/3 21:05,0.076
2016/6/3 21:10,0.07
2016/6/3 21:15,0.064
2016/6/3 21:20,0.059
2016/6/3 21:25,0.054
2016/6/3 21:30,0.049
2016/6/3 21:35,0.045
2016/6/3 21:40,0.041
2016/6/3 21:45,0.038
2016/6/3 21:50,0.035
2016/6/3 21:55,0.032
2016/6/3 22:00,0.029
2016/6/3 22:05,0.029
2016/6/3 22:10,0.029
2016/6/3 22:15,0.029
2016/6/3 22:20,0.029
2016/6/3 22:25,0.029
2016/6/3 22:30,0.026
2016/6/3 22:35,0.024
2016/6/3 22:40,0.022
2016/6/3 22:45,0.02
2016/6/3 22:50,0.018
2016/6/3 22:55,0.017
2016/6/3 23:00,0.015
2016/6/3 23:05,0.014
2016/6/3 23:10,0.013
2016/6/3 23:15,0.012
2016/6/3 23:20,0.011
2016/6/3 23:25,0.01
2016/6/3 23:30,0.01
2016/6/3 23:35,0.009
2016/6/3 23:40,0.008
2016/6/3 23:45,0.008
2016/6/3 23:50,0.007
2016/6/3 23:55,0.006
2016/6/4 0:00,0.006
2016/6/4 0:05,0.005
2016/6/4 0:10,0.005
2016/6/4 0:15,0.004
2016/6/4 0:20,0.004
2016/6/4 0:25,0.004
2016/6/4 0:30,0.003
2016/6/4 0:35,0.003
2016/6/4 0:40,0.003
2016/6/4 0:45,0.003
2016/6/4 0:50,0.003
2016/6/4 0:55,0.002
2016/6/4 1:00,0.002
2016/6/4 1:05,0.002
2016/6/4 1:10,0.002
2016/6/4 1:15,0.002
2016/6/4 1:20,0.002
2016/6/4 1:25,0.001
2016/6/4 1:30,0.001
2016/6/4 1:35,0.001
2016/6/4 1:40,0.001
2016/6/4 1:45,0.001
2016/6/4 1:50,0
2016/6/4 1:55,0
2016/6/4 2:00,0
2016/6/4 2:05,0
2016/6/4 2:10,0
2016/6/4 2:15,0
2016/6/4 2:20,0
2016/6/4 2:25,0
2016/6/4 2:30,0
2016/6/4 2:35,0
2016/6/4 2:40,0
2016/6/4 2:45,0
2016/6/4 2:50,0
2016/6/4 2:55,0
2016/6/4 3:00,0
2016/6/4 3:05,0
2016/6/4 3:10,0
2016/6/4 3:15,0
2016/6/4 3:20,0
2016/6/4 3:25,0
2016/6/4 3:30,0
2016/6/4 3:35,0
2016/6/4 3:40,0
2016/6/4 3:45,0
2016/6/4 3:50,0
2016/6/4 3:55,0
2016/6/4 4:00,0
2016/6/4 4:05,0
2016/6/4 4:10,0
2016/6/4 4:15,0
2016/6/4 4:20,0
2016/6/4 4:25,0
2016/6/4 4:30,0
2016/6/4 4:35,0
2016/6/4 4:40,0
2016/6/4 4:45,0
2016/6/4 4:50,0
2016/6/4 4:55,0
2016/6/4 5:00,0
2016/6/4 5:05,0
2016/6/4 5:10,0
2016/6/4 5:15,0
2016/6/4 5:20,0
2016/6/4 5:25,0
2016/6/4 5:30,0
2016/6/4 5:35,0
2016/6/4 5:40,0
2016/6/4 5:45,0
2016/6/4 5:50,0
2016/6/4 5:55,0
2016/6/4 6:00,0
2016/6/4 6:05,0
2016/6/4 6:10,0
2016/6/4 6:15,0
2016/6/4 6:20,0
2016/6/4 6:25,0
2016/6/4 6:30,0
2016/6/4 6:35,0
2016/6/4 6:40,0
2016/6/4 6:45,0
2016/6/4 6:50,0
2016/6/4 6:55,0
2016/6/4 7:00,0
2016/6/4 7:05,0
2016/6/4 7:10,0
2016/6/4 7:15,0
2016/6/4 7:20,0
2016/6/4 7:25,0
2016/6/4 7:30,0
2016/6/4 7:35,0
2016/6/4 7:40,0
2016/6/4 7:45,0
2016/6/4 7:50,0
2016/6/4 7:55,0
2016/6/4 8:00,0
2016/6/4 8:05,0
2016/6/4 8:10,0
2016/6/4 8:15,0
2016/6/4 8:20,0
2016/6/4 8:25,0
2016/6/4 8:30,0
2016/6/4 8:35,0
2016/6/4 8:40,0
2016/6/4 8:45,0
2016/6/4 8:50,0
2016/6/4 8:55,0
2016/6/4 9:00,0
2016/6/4 9:05,0
2016/6/4 9:10,0
2016/6/4 9:15,0
2016/6/4 9:20,0
2016/6/4 9:25,0
2016/6/4 9:30,0
2016/6/4 9:35,0
2016/6/4 9:40,0
2016/6/4 9:45,0
2016/6/4 9:50,0
2016/6/4 9:55,0
2016/6/4 10:00,0
2016/6/4 10:05,0
2016/6/4 10:10,0
2016/6/4 10:15,0
2016/6/4 10:20,0
2016/6/4 10:25,0
2016/6/4 10:30,0
2016/6/4 10:35,0
2016/6/4 10:40,0
2016/6/4 10:45,0
2016/6/4 10:50,0
2016/6/4 10:55,0
2016/6/4 11:00,0
2016/6/4 11:05,0
2016/6/4 11:10,0
2016/6/4 11:15,0
2016/6/4 11:20,0
2016/6/4 11:25,0
2016/6/4 11:30,0
2016/6/4 11:35,0
2016/6/4 11:40,0
2016/6/4 11:45,0
2016/6/4 11:50,0
2016/6/4 11:55,0
2016/6/4 12:00,0
2016/6/4 12:05,0
2016/6/4 12:10,0
2016/6/4 12:15,0
2016/6/4 12:20,0
2016/6/4 12:25,0
2016/6/4 12:30,0
2016/6/4 12:35,0
2016/6/4 12:40,0
2016/6/4 12:45,0
2016/6/4 12:50,0
2016/6/4 12:55,0
2016/6/4 13:00,0
2016/6/4 13:05,0
2016/6/4 13:10,0
2016/6/4 13:15,0
2016/6/4 13:20,0
2016/6/4 13:25,0
2016/6/4 13:30,0
2016/6/4 13:35,0
2016/6/4 13:40,0
2016/6/4 13:45,0
2016/6/4 13:50,0
2016/6/4 13:55,0
2016/6/4 14:00,0
2016/6/4 14:05,0
2016/6/4 14:10,0
2016/6/4 14:15,0
2016/6/4 14:20,0
2016/6/4 14:25,0
2016/6/4 14:30,0
2016/6/4 14:35,0
2016/6/4 14:40,0
2016/6/4 14:45,0
2016/6/4 14:50,0
2016/6/4 14:55,0
2016/6/4 15:00,0
2016/6/4 15:05,0
2016/6/4 15:10,0
2016/6/4 15:15,0
2016/6/4 15:20,0
2016/6/4 15:25,0
2016/6/4 15:30,0
2016/6/4 15:35,0
2016/6/4 15:40,0
2016/6/4 15:45,0
2016/6/4 15:50,0
2016/6/4 15:55,0
2016/6/4 16:00,0
2016/6/4 16:05,0
2016/6/4 16:10,0
2016/6/4 16:15,0
2016/6/4 16:20,0
2016/6/4 16:25,0
2016/6/4 16:30,0
2016/6/4 16:35,0
2016/6/4 16:40,0
2016/6/4 16:45,0
2016/6/4 16:50,0
2016/6/4 16:55,0
2016/6/4 17:00,0
2016/6/4 17:05,0
2016/6/4 17:10,0
2016/6/4 17:15,0
2016/6/4 17:20,0
2016/6/4 17:25,0
2016/6/4 17:30,0
2016/6/4 17:35,0
2016/6/4 17:40,0
2016/6/4 17:45,0
2016/6/4 17:50,0
2016/6/4 17:55,0
2016/6/4 18:00,0
2016/6/4 18:05,0
2016/6/4 18:10,0
2016/6/4 18:15,0
2016/6/4 18:20,0
2016/6/4 18:25,0
2016/6/4 18:30,0
2016/6/4 18:35,0
2016/6/4 18:40,0
2016/6/4 18:45,0
2016/6/4 18:50,0
2016/6/4 18:55,0
2016/6/4 19:00,0
2016/6/4 19:05,0
2016/6/4 19:10,0
2016/6/4 19:15,0
2016/6/4 19:20,0
2016/6/4 19:25,0
2016/6/4 19:30,0
2016/6/4 19:35,0
2016/6/4 19:40,0
2016/6/4 19:45,0
2016/6/4 19:50,0
2016/6/4 19:55,0
2016/6/4 20:00,0
2016/6/4 20:05,0
2016/6/4 20:10,0
2016/6/4 20:15,0
2016/6/4 20:20,0
2016/6/4 20:25,0
2016/6/4 20:30,0
2016/6/4 20:35,0
2016/6/4 20:40,0
2016/6/4 20:45,0
2016/6/4 20:50,0
2016/6/4 20:55,0
2016/6/4 21:00,0
2016/6/4 21:05,0
2016/6/4 21:10,0
2016/6/4 21:15,0
2016/6/4 21:20,0
2016/6/4 21:25,0
2016/6/4 21:30,0
2016/6/4 21:35,0
2016/6/4 21:40,0
2016/6/4 21:45,0
2016/6/4 21:50,0
2016/6/4 21:55,0
2016/6/4 22:00,0
2016/6/4 22:05,0
2016/6/4 22:10,0
2016/6/4 22:15,0
2016/6/4 22:20,0
2016/6/4 22:25,0
2016/6/4 22:30,0
2016/6/4 22:35,0
2016/6/4 22:40,0
2016/6/4 22:45,0
2016/6/4 22:50,0
2016/6/4 22:55,0
2016/6/4 23:00,0
2016/6/4 23:05,0
2016/6/4 23:10,0
2016/6/4 23:15,0
2016/6/4 23:20,0
2016/6/4 23:25,0
2016/6/4 23:30,0
2016/6/4 23:35,0
2016/6/4 23:40,0
2016/6/4 23:45,0
2016/6/4 23:50,0
2016/6/4 23:55,0
2016/6/5 0:00,0
2016/6/5 0:05,0
2016/6/5 0:10,0
2016/6/5 0:15,0
2016/6/5 0:20,0
2016/6/5 0:25,0
2016/6/5 0:30,0
2016/6/5 0:35,0
2016/6/5 0:40,0
2016/6/5 0:45,0
2016/6/5 0:50,0
2016/6/5 0:55,0
2016/6/5 1:00,0
2016/6/5 1:05,0
2016/6/5 1:10,0
2016/6/5 1:15,0
2016/6/5 1:20,0
2016/6/5 1:25,0
2016/6/5 1:30,0
2016/6/5 1:35,0
2016/6/5 1:40,0
2016/6/5 1:45,0
2016/6/5 1:50,0
2016/6/5 1:55,0
2016/6/5 2:00,0
2016/6/5 2:05,0
2016/6/5 2:10,0
2016/6/5 2:15,0
2016/6/5 2:20,0
2016/6/5 2:25,0
2016/6/5 2:30,0
2016/6/5 2:35,0
2016/6/5 2:40,0
2016/6/5 2:45,0
2016/6/5 2:50,0
2016/6/5 2:55,0
2016/6/5 3:00,0
2016/6/5 3:05,0
2016/6/5 3:10,0
2016/6/5 3:15,0
2016/6/5 3:20,0
2016/6/5 3:25,0
2016/6/5 3:30,0
2016/6/5 3:35,0
2016/6/5 3:40,0
2016/6/5 3:45,0
2016/6/5 3:50,0
2016/6/5 3:55,0
2016/6/5 4:00,0
2016/6/5 4:05,0
2016/6/5 4:10,0
2016/6/5 4:15,0
2016/6/5 4:20,0
2016/6/5 4:25,0
2016/6/5 4:30,0
2016/6/5 4:35,0
2016/6/5 4:40,0
2016/6/5 4:45,0
2016/6/5 4:50,0
2016/6/5 4:55,0
2016/6/5 5:00,0
2016/6/5 5:05,0
2016/6/5 5:10,0
2016/6/5 5:15,0
2016/6/5 5:20,0
2016/6/5 5:25,0
2016/6/5 5:30,0
2016/6/5 5:35,0
2016/6/5 5:40,0
2016/6/5 5:45,0
2016/6/5 5:50,0
2016/6/5 5:55,0
2016/6/5 6:00,0
2016/6/5 6:05,0
2016/6/5 6:10,0
2016/6/5 6:15,0
2016/6/5 6:20,0
2016/6/5 6:25,0
2016/6/5 6:30,0
2016/6/5 6:35,0
2016/6/5 6:40,0
2016/6/5 6:45,0
2016/6/5 6:50,0
2016/6/5 6:55,0
2016/6/5 7:00,0
2016/6/5 7:05,0
2016/6/5 7:10,0
2016/6/5 7:15,0
2016/6/5 7:20,0
2016/6/5 7:25,0
2016/6/5 7:30,0
2016/6/5 7:35,0
2016/6/5 7:40,0
2016/6/5 7:45,0
2016/6/5 7:50,0
2016/6/5 7:55,0
2016/6/5 8:00,0
2016/6/5 8:05,0
2016/6/5 8:10,0
2016/6/5 8:15,0
2016/6/5 8:20,0
2016/6/5 8:25,0
2016/6/5 8:30,0
2016/6/5 8:35,0
2016/6/5 8:40,0
2016/6/5 8:45,0
2016/6/5 8:50,0
2016/6/5 8:55,0
2016/6/5 9:00,0
2016/6/5 9:05,0
2016/6/5 9:10,0
2016/6/5 9:15,0
2016/6/5 9:20,0
2016/6/5 9:25,0
2016/6/5 9:30,0
2016/6/5 9:35,0
2016/6/5 9:40,0
2016/6/5 9:45,0
2016/6/5 9:50,0
2016/6/5 9:55,0
2016/6/5 10:00,0
2016/6/5 10:05,0
2016/6/5 10:10,0
2016/6/5 10:15,0
2016/6/5 10:20,0
2016/6/5 10:25,0
2016/6/5 10:30,0
2016/6/5 10:35,0
2016/6/5 10:40,0
2016/6/5 10:45,0
2016/6/5 10:50,0
2016/6/5 10:55,0
2016/6/5 11:00,0
2016/6/5 11:05,0
2016/6/5 11:10,0
2016/6/5 11:15,0
2016/6/5 11:20,0
2016/6/5 11:25,0
2016/6/5 11:30,0
2016/6/5 11:35,0
2016/6/5 11:40,0
2016/6/5 11:45,0
2016/6/5 11:50,0
2016/6/5 11:55,0
2016/6/5 12:00,0
2016/6/5 12:05,0
2016/6/5 12:10,0
2016/6/5 12:15,0
2016/6/5 12:20,0
2016/6/5 12:25,0
2016/6/5 12:30,0
2016/6/5 12:35,0
2016/6/5 12:40,0
2016/6/5 12:45,0
2016/6/5 12:50,0
2016/6/5 12:55,0
2016/6/5 13:00,0
2016/6/5 13:05,0
2016/6/5 13:10,0
2016/6/5 13:15,0
2016/6/5 13:20,0
2016/6/5 13:25,0
2016/6/5 13:30,0
2016/6/5 13:35,0
2016/6/5 13:40,0
2016/6/5 13:45,0
2016/6/5 13:50,0
2016/6/5 13:55,0
2016/6/5 14:00,0
2016/6/5 14:05,0
2016/6/5 14:10,0
2016/6/5 14:15,0
2016/6/5 14:20,0
2016/6/5 14:25,0
2016/6/5 14:30,0
2016/6/5 14:35,0
2016/6/5 14:40,0
2016/6/5 14:45,0
2016/6/5 14:50,0
2016/6/5 14:55,0
2016/6/5 15:00,0
2016/6/5 15:05,0
2016/6/5 15:10,0
2016/6/5 15:15,0
2016/6/5 15:20,0
2016/6/5 15:25,0
2016/6/5 15:30,0
2016/6/5 15:35,0
2016/6/5 15:40,0
2016/6/5 15:45,0
2016/6/5 15:50,0
2016/6/5 15:55,0
2016/6/5 16:00,0
2016/6/5 16:05,0
2016/6/5 16:10,0
2016/6/5 16:15,0
2016/6/5 16:20,0
2016/6/5 16:25,0
2016/6/5 16:30,0
2016/6/5 16:35,0
2016/6/5 16:40,0
2016/6/5 16:45,0
2016/6/5 16:50,0
2016/6/5 16:55,0
2016/6/5 17:00,0
2016/6/5 17:05,0
2016/6/5 17:10,0
2016/6/5 17:15,0
2016/6/5 17:20,0
2016/6/5 17:25,0
2016/6/5 17:30,0
2016/6/5 17:35,0
2016/6/5 17:40,0
2016/6/5 17:45,0
2016/6/5 17:50,0
2016/6/5 17:55,0
2016/6/5 18:00,0
2016/6/5 18:05,0
2016/6/5 18:10,0
2016/6/5 18:15,0
2016/6/5 18:20,0
2016/6/5 18:25,0
2016/6/5 18:30,0
2016/6/5 18:35,0
2016/6/5 18:40,0
2016/6/5 18:45,0
2016/6/5 18:50,0
2016/6/5 18:55,0
2016/6/5 19:00,0
2016/6/5 19:05,0
2016/6/5 19:10,0
2016/6/5 19:15,0
2016/6/5 19:20,0
2016/6/5 19:25,0
2016/6/5 19:30,0
2016/6/5 19:35,0
2016/6/5 19:40,0
2016/6/5 19:45,0
2016/6/5 19:50,0
2016/6/5 19:55,0
2016/6/5 20:00,0
2016/6/5 20:05,0
2016/6/5 20:10,0
2016/6/5 20:15,0
2016/6/5 20:20,0
2016/6/5 20:25,0
2016/6/5 20:30,0
2016/6/5 20:35,0
2016/6/5 20:40,0
2016/6/5 20:45,0
2016/6/5 20:50,0
2016/6/5 20:55,0
2016/6/5 21:00,0
2016/6/5 21:05,0
2016/6/5 21:10,0
2016/6/5 21:15,0
2016/6/5 21:20,0
2016/6/5 21:25,0
2016/6/5 21:30,0
2016/6/5 21:35,0
2016/6/5 21:40,0
2016/6/5 21:45,0
2016/6/5 21:50,0
2016/6/5 21:55,0
2016/6/5 22:00,0
2016/6/5 22:05,0
2016/6/5 22:10,0
2016/6/5 22:15,0
2016/6/5 22:20,0
2016/6/5 22:25,0
2016/6/5 22:30,0
2016/6/5 22:35,0
2016/6/5 22:40,0
2016/6/5 22:45,0
2016/6/5 22:50,0
2016/6/5 22:55,0
2016/6/5 23:00,0
2016/6/5 23:05,0
2016/6/5 23:10,0
2016/6/5 23:15,0
2016/6/5 23:20,0
2016/6/5 23:25,0
2016/6/5 23:30,0
2016/6/5 23:35,0
2016/6/5 23:40,0
2016/6/5 23:45,0
2016/6/5 23:50,0
2016/6/5 23:55,0
2016/6/6 0:00,0
2016/6/6 0:05,0
2016/6/6 0:10,0
2016/6/6 0:15,0
2016/6/6 0:20,0
2016/6/6 0:25,0
2016/6/6 0:30,0
2016/6/6 0:35,0
2016/6/6 0:40,0
2016/6/6 0:45,0
2016/6/6 0:50,0
2016/6/6 0:55,0
2016/6/6 1:00,0
2016/6/6 1:05,0
2016/6/6 1:10,0
2016/6/6 1:15,0
2016/6/6 1:20,0
2016/6/6 1:25,0
2016/6/6 1:30,0
2016/6/6 1:35,0
2016/6/6 1:40,0
2016/6/6 1:45,0
2016/6/6 1:50,0
2016/6/6 1:55,0
2016/6/6 2:00,0
2016/6/6 2:05,0
2016/6/6 2:10,0
2016/6/6 2:15,0
2016/6/6 2:20,0
2016/6/6 2:25,0
2016/6/6 2:30,0
2016/6/6 2:35,0
2016/6/6 2:40,0
2016/6/6 2:45,0
2016/6/6 2:50,0
2016/6/6 2:55,0
2016/6/6 3:00,0
2016/6/6 3:05,0
2016/6/6 3:10,0.001
2016/6/6 3:15,0.001
2016/6/6 3:20,0.001
2016/6/6 3:25,0.001
2016/6/6 3:30,0.002
2016/6/6 3:35,0.002
2016/6/6 3:40,0.002
2016/6/6 3:45,0.002
2016/6/6 3:50,0.002
2016/6/6 3:55,0.002
2016/6/6 4:00,0.002
2016/6/6 4:05,0.002
2016/6/6 4:10,0.002
2016/6/6 4:15,0.002
2016/6/6 4:20,0.003
2016/6/6 4:25,0.003
2016/6/6 4:30,0.003
2016/6/6 4:35,0.003
2016/6/6 4:40,0.003
2016/6/6 4:45,0.003
2016/6/6 4:50,0.003
2016/6/6 4:55,0.003
2016/6/6 5:00,0.003
2016/6/6 5:05,0.025
2016/6/6 5:10,0.027
2016/6/6 5:15,0.029
2016/6/6 5:20,0.03
2016/6/6 5:25,0.031
2016/6/6 5:30,0.032
2016/6/6 5:35,0.033
2016/6/6 5:40,0.033
2016/6/6 5:45,0.034
2016/6/6 5:50,0.034
2016/6/6 5:55,0.05
2016/6/6 6:00,0.053
2016/6/6 6:05,0.105
2016/6/6 6:10,0.149
2016/6/6 6:15,0.191
2016/6/6 6:20,0.226
2016/6/6 6:25,0.261
2016/6/6 6:30,0.296
2016/6/6 6:35,0.33
2016/6/6 6:40,0.363
2016/6/6 6:45,0.396
2016/6/6 6:50,0.428
2016/6/6 6:55,0.46
2016/6/6 7:00,0.491
2016/6/6 7:05,0.497
2016/6/6 7:10,0.502
2016/6/6 7:15,0.506
2016/6/6 7:20,0.508
2016/6/6 7:25,0.508
2016/6/6 7:30,0.508
2016/6/6 7:35,0.507
2016/6/6 7:40,0.504
2016/6/6 7:45,0.501
2016/6/6 7:50,0.497
2016/6/6 7:55,0.492
2016/6/6 8:00,0.488
2016/6/6 8:05,0.473
2016/6/6 8:10,0.459
2016/6/6 8:15,0.445
2016/6/6 8:20,0.432
2016/6/6 8:25,0.42
2016/6/6 8:30,0.407
2016/6/6 8:35,0.396
2016/6/6 8:40,0.384
2016/6/6 8:45,0.373
2016/6/6 8:50,0.363
2016/6/6 8:55,0.354
2016/6/6 9:00,0.345
2016/6/6 9:05,0.336
2016/6/6 9:10,0.328
2016/6/6 9:15,0.318
2016/6/6 9:20,0.309
2016/6/6 9:25,0.3
2016/6/6 9:30,0.291
2016/6/6 9:35,0.283
2016/6/6 9:40,0.274
2016/6/6 9:45,0.267
2016/6/6 9:50,0.259
2016/6/6 9:55,0.252
2016/6/6 10:00,0.245
2016/6/6 10:05,0.238
2016/6/6 10:10,0.232
2016/6/6 10:15,0.225
2016/6/6 10:20,0.22
2016/6/6 10:25,0.215
2016/6/6 10:30,0.21
2016/6/6 10:35,0.205
2016/6/6 10:40,0.199
2016/6/6 10:45,0.194
2016/6/6 10:50,0.189
2016/6/6 10:55,0.184
2016/6/6 11:00,0.179
2016/6/6 11:05,0.174
2016/6/6 11:10,0.17
2016/6/6 11:15,0.166
2016/6/6 11:20,0.162
2016/6/6 11:25,0.158
2016/6/6 11:30,0.154
2016/6/6 11:35,0.151
2016/6/6 11:40,0.148
2016/6/6 11:45,0.145
2016/6/6 11:50,0.142
2016/6/6 11:55,0.138
2016/6/6 12:00,0.135
2016/6/6 12:05,0.132
2016/6/6 12:10,0.129
2016/6/6 12:15,0.126
2016/6/6 12:20,0.124
2016/6/6 12:25,0.121
2016/6/6 12:30,0.118
2016/6/6 12:35,0.115
2016/6/6 12:40,0.113
2016/6/6 12:45,0.11
2016/6/6 12:50,0.108
2016/6/6 12:55,0.105
2016/6/6 13:00,0.103
2016/6/6 13:05,0.101
2016/6/6 13:10,0.098
2016/6/6 13:15,0.096
2016/6/6 13:20,0.094
2016/6/6 13:25,0.092
2016/6/6 13:30,0.09
2016/6/6 13:35,0.088
2016/6/6 13:40,0.086
2016/6/6 13:45,0.084
2016/6/6 13:50,0.082
2016/6/6 13:55,0.08
2016/6/6 14:00,0.078
2016/6/6 14:05,0.077
2016/6/6 14:10,0.075
2016/6/6 14:15,0.073
2016/6/6 14:20,0.071
2016/6/6 14:25,0.07
2016/6/6 14:30,0.068
2016/6/6 14:35,0.067
2016/6/6 14:40,0.065
2016/6/6 14:45,0.064
2016/6/6 14:50,0.062
2016/6/6 14:55,0.061
2016/6/6 15:00,0.06
2016/6/6 15:05,0.059
2016/6/6 15:10,0.058
2016/6/6 15:15,0.056
2016/6/6 15:20,0.055
2016/6/6 15:25,0.054
2016/6/6 15:30,0.053
2016/6/6 15:35,0.052
2016/6/6 15:40,0.051
2016/6/6 15:45,0.05
2016/6/6 15:50,0.049
2016/6/6 15:55,0.048
2016/6/6 16:00,0.047
2016/6/6 16:05,0.046
2016/6/6 16:10,0.045
2016/6/6 16:15,0.044
2016/6/6 16:20,0.043
2016/6/6 16:25,0.043
2016/6/6 16:30,0.042
2016/6/6 16:35,0.041
2016/6/6 16:40,0.04
2016/6/6 16:45,0.04
2016/6/6 16:50,0.039
2016/6/6 16:55,0.038
2016/6/6 17:00,0.038
2016/6/6 17:05,0.038
2016/6/6 17:10,0.038
2016/6/6 17:15,0.037
2016/6/6 17:20,0.037
2016/6/6 17:25,0.037
2016/6/6 17:30,0.037
2016/6/6 17:35,0.037
2016/6/6 17:40,0.037
2016/6/6 17:45,0.037
2016/6/6 17:50,0.037
2016/6/6 17:55,0.037
2016/6/6 18:00,0.036
2016/6/6 18:05,0.036
2016/6/6 18:10,0.036
2016/6/6 18:15,0.036
2016/6/6 18:20,0.036
2016/6/6 18:25,0.036
2016/6/6 18:30,0.035
2016/6/6 18:35,0.035
2016/6/6 18:40,0.035
2016/6/6 18:45,0.035
2016/6/6 18:50,0.034
2016/6/6 18:55,0.034
2016/6/6 19:00,0.034
2016/6/6 19:05,0.034
2016/6/6 19:10,0.033
2016/6/6 19:15,0.033
2016/6/6 19:20,0.033
2016/6/6 19:25,0.033
2016/6/6 19:30,0.032
2016/6/6 19:35,0.032
2016/6/6 19:40,0.032
2016/6/6 19:45,0.032
2016/6/6 19:50,0.031
2016/6/6 19:55,0.031
2016/6/6 20:00,0.031
2016/6/6 20:05,0.031
2016/6/6 20:10,0.03
2016/6/6 20:15,0.03
2016/6/6 20:20,0.03
2016/6/6 20:25,0.03
2016/6/6 20:30,0.03
2016/6/6 20:35,0.029
2016/6/6 20:40,0.029
2016/6/6 20:45,0.029
2016/6/6 20:50,0.029
2016/6/6 20:55,0.028
2016/6/6 21:00,0.028
2016/6/6 21:05,0.028
2016/6/6 21:10,0.028
2016/6/6 21:15,0.027
2016/6/6 21:20,0.027
2016/6/6 21:25,0.027
2016/6/6 21:30,0.027
2016/6/6 21:35,0.026
2016/6/6 21:40,0.026
2016/6/6 21:45,0.026
2016/6/6 21:50,0.026
2016/6/6 21:55,0.025
2016/6/6 22:00,0.025
2016/6/6 22:05,0.023
2016/6/6 22:10,0.021
2016/6/6 22:15,0.019
2016/6/6 22:20,0.018
2016/6/6 22:25,0.016
2016/6/6 22:30,0.015
2016/6/6 22:35,0.014
2016/6/6 22:40,0.012
2016/6/6 22:45,0.011
2016/6/6 22:50,0.01
2016/6/6 22:55,0.01
2016/6/6 23:00,0.009
2016/6/6 23:05,0.009
2016/6/6 23:10,0.008
2016/6/6 23:15,0.007
2016/6/6 23:20,0.007
2016/6/6 23:25,0.006
2016/6/6 23:30,0.006
2016/6/6 23:35,0.005
2016/6/6 23:40,0.005
2016/6/6 23:45,0.004
2016/6/6 23:50,0.004
2016/6/6 23:55,0.004
2016/6/7 0:00,0.003
2016/6/7 0:05,0.004
2016/6/7 0:10,0.004
2016/6/7 0:15,0.005
2016/6/7 0:20,0.006
2016/6/7 0:25,0.007
2016/6/7 0:30,0.007
2016/6/7 0:35,0.008
2016/6/7 0:40,0.009
2016/6/7 0:45,0.009
2016/6/7 0:50,0.009
2016/6/7 0:55,0.01
2016/6/7 1:00,0.01
2016/6/7 1:05,0.01
2016/6/7 1:10,0.01
2016/6/7 1:15,0.01
2016/6/7 1:20,0.01
2016/6/7 1:25,0.01
2016/6/7 1:30,0.01
2016/6/7 1:35,0.01
2016/6/7 1:40,0.01
2016/6/7 1:45,0.01
2016/6/7 1:50,0.01
2016/6/7 1:55,0.01
2016/6/7 2:00,0.01
2016/6/7 2:05,0.01
2016/6/7 2:10,0.01
2016/6/7 2:15,0.01
2016/6/7 2:20,0.01
2016/6/7 2:25,0.009
2016/6/7 2:30,0.009
2016/6/7 2:35,0.009
2016/6/7 2:40,0.009
2016/6/7 2:45,0.009
2016/6/7 2:50,0.009
2016/6/7 2:55,0.008
2016/6/7 3:00,0.008
2016/6/7 3:05,0.008
2016/6/7 3:10,0.008
2016/6/7 3:15,0.008
2016/6/7 3:20,0.008
2016/6/7 3:25,0.008
2016/6/7 3:30,0.007
2016/6/7 3:35,0.007
2016/6/7 3:40,0.007
2016/6/7 3:45,0.007
2016/6/7 3:50,0.007
2016/6/7 3:55,0.007
2016/6/7 4:00,0.006
2016/6/7 4:05,0.006
2016/6/7 4:10,0.006
2016/6/7 4:15,0.006
2016/6/7 4:20,0.006
2016/6/7 4:25,0.006
2016/6/7 4:30,0.006
2016/6/7 4:35,0.005
2016/6/7 4:40,0.005
2016/6/7 4:45,0.005
2016/6/7 4:50,0.005
2016/6/7 4:55,0.005
2016/6/7 5:00,0.005
2016/6/7 5:05,0.005
2016/6/7 5:10,0.005
2016/6/7 5:15,0.004
2016/6/7 5:20,0.004
2016/6/7 5:25,0.004
2016/6/7 5:30,0.004
2016/6/7 5:35,0.004
2016/6/7 5:40,0.004
2016/6/7 5:45,0.004
2016/6/7 5:50,0.004
2016/6/7 5:55,0.004
2016/6/7 6:00,0.003
2016/6/7 6:05,0.004
2016/6/7 6:10,0.004
2016/6/7 6:15,0.004
2016/6/7 6:20,0.004
2016/6/7 6:25,0.004
2016/6/7 6:30,0.004
2016/6/7 6:35,0.004
2016/6/7 6:40,0.004
2016/6/7 6:45,0.004
2016/6/7 6:50,0.004
2016/6/7 6:55,0.005
2016/6/7 7:00,0.005
2016/6/7 7:05,0.004
2016/6/7 7:10,0.004
2016/6/7 7:15,0.004
2016/6/7 7:20,0.004
2016/6/7 7:25,0.004
2016/6/7 7:30,0.003
2016/6/7 7:35,0.003
2016/6/7 7:40,0.003
2016/6/7 7:45,0.003
2016/6/7 7:50,0.003
2016/6/7 7:55,0.002
2016/6/7 8:00,0.002
2016/6/7 8:05,0.002
2016/6/7 8:10,0.002
2016/6/7 8:15,0.002
2016/6/7 8:20,0.002
2016/6/7 8:25,0.001
2016/6/7 8:30,0.001
2016/6/7 8:35,0.001
2016/6/7 8:40,0.001
2016/6/7 8:45,0
2016/6/7 8:50,0
2016/6/7 8:55,0
2016/6/7 9:00,0
2016/6/7 9:05,0
2016/6/7 9:10,0
2016/6/7 9:15,0
2016/6/7 9:20,0
2016/6/7 9:25,0
2016/6/7 9:30,0
2016/6/7 9:35,0
2016/6/7 9:40,0
2016/6/7 9:45,0
2016/6/7 9:50,0
2016/6/7 9:55,0
2016/6/7 10:00,0
2016/6/7 10:05,0
2016/6/7 10:10,0
2016/6/7 10:15,0
2016/6/7 10:20,0
2016/6/7 10:25,0
2016/6/7 10:30,0
2016/6/7 10:35,0
2016/6/7 10:40,0
2016/6/7 10:45,0
2016/6/7 10:50,0
2016/6/7 10:55,0
2016/6/7 11:00,0
2016/6/7 11:05,0
2016/6/7 11:10,0
2016/6/7 11:15,0
2016/6/7 11:20,0
2016/6/7 11:25,0
2016/6/7 11:30,0
2016/6/7 11:35,0
2016/6/7 11:40,0
2016/6/7 11:45,0
2016/6/7 11:50,0
2016/6/7 11:55,0
2016/6/7 12:00,0
2016/6/7 12:05,0
2016/6/7 12:10,0
2016/6/7 12:15,0
2016/6/7 12:20,0
2016/6/7 12:25,0
2016/6/7 12:30,0
2016/6/7 12:35,0
2016/6/7 12:40,0
2016/6/7 12:45,0
2016/6/7 12:50,0
2016/6/7 12:55,0
2016/6/7 13:00,0
2016/6/7 13:05,0
2016/6/7 13:10,0
2016/6/7 13:15,0
2016/6/7 13:20,0
2016/6/7 13:25,0
2016/6/7 13:30,0
2016/6/7 13:35,0
2016/6/7 13:40,0
2016/6/7 13:45,0
2016/6/7 13:50,0
2016/6/7 13:55,0
2016/6/7 14:00,0
2016/6/7 14:05,0
2016/6/7 14:10,0
2016/6/7 14:15,0
2016/6/7 14:20,0
2016/6/7 14:25,0
2016/6/7 14:30,0
2016/6/7 14:35,0
2016/6/7 14:40,0
2016/6/7 14:45,0
2016/6/7 14:50,0
2016/6/7 14:55,0
2016/6/7 15:00,0
2016/6/7 15:05,0
2016/6/7 15:10,0
2016/6/7 15:15,0
2016/6/7 15:20,0
2016/6/7 15:25,0
2016/6/7 15:30,0
2016/6/7 15:35,0
2016/6/7 15:40,0
2016/6/7 15:45,0
2016/6/7 15:50,0
2016/6/7 15:55,0
2016/6/7 16:00,0
2016/6/7 16:05,0
2016/6/7 16:10,0
2016/6/7 16:15,0
2016/6/7 16:20,0
2016/6/7 16:25,0
2016/6/7 16:30,0
2016/6/7 16:35,0
2016/6/7 16:40,0
2016/6/7 16:45,0
2016/6/7 16:50,0
2016/6/7 16:55,0
2016/6/7 17:00,0
2016/6/7 17:05,0.001
2016/6/7 17:10,0.002
2016/6/7 17:15,0.003
2016/6/7 17:20,0.004
2016/6/7 17:25,0.005
2016/6/7 17:30,0.006
2016/6/7 17:35,0.007
2016/6/7 17:40,0.008
2016/6/7 17:45,0.009
2016/6/7 17:50,0.009
2016/6/7 17:55,0.01
2016/6/7 18:00,0.01
2016/6/7 18:05,0.011
2016/6/7 18:10,0.012
2016/6/7 18:15,0.012
2016/6/7 18:20,0.013
2016/6/7 18:25,0.013
2016/6/7 18:30,0.014
2016/6/7 18:35,0.014
2016/6/7 18:40,0.015
2016/6/7 18:45,0.015
2016/6/7 18:50,0.016
2016/6/7 18:55,0.017
2016/6/7 19:00,0.017
2016/6/7 19:05,0.018
2016/6/7 19:10,0.018
2016/6/7 19:15,0.019
2016/6/7 19:20,0.019
2016/6/7 19:25,0.02
2016/6/7 19:30,0.021
2016/6/7 19:35,0.021
2016/6/7 19:40,0.022
2016/6/7 19:45,0.023
2016/6/7 19:50,0.023
2016/6/7 19:55,0.024
2016/6/7 20:00,0.025
2016/6/7 20:05,0.025
2016/6/7 20:10,0.026
2016/6/7 20:15,0.027
2016/6/7 20:20,0.028
2016/6/7 20:25,0.028
2016/6/7 20:30,0.029
2016/6/7 20:35,0.03
2016/6/7 20:40,0.03
2016/6/7 20:45,0.031
2016/6/7 20:50,0.032
2016/6/7 20:55,0.033
2016/6/7 21:00,0.033
2016/6/7 21:05,0.034
2016/6/7 21:10,0.035
2016/6/7 21:15,0.035
2016/6/7 21:20,0.036
2016/6/7 21:25,0.037
2016/6/7 21:30,0.038
2016/6/7 21:35,0.038
2016/6/7 21:40,0.039
2016/6/7 21:45,0.04
2016/6/7 21:50,0.041
2016/6/7 21:55,0.041
2016/6/7 22:00,0.042
2016/6/7 22:05,0.101
2016/6/7 22:10,0.156
2016/6/7 22:15,0.207
2016/6/7 22:20,0.254
2016/6/7 22:25,0.297
2016/6/7 22:30,0.336
2016/6/7 22:35,0.372
2016/6/7 22:40,0.404
2016/6/7 22:45,0.432
2016/6/7 22:50,0.457
2016/6/7 22:55,0.478
2016/6/7 23:00,0.497
2016/6/7 23:05,0.496
2016/6/7 23:10,0.512
2016/6/7 23:15,0.525
2016/6/7 23:20,0.536
2016/6/7 23:25,0.545
2016/6/7 23:30,0.552
2016/6/7 23:35,0.557
2016/6/7 23:40,0.56
2016/6/7 23:45,0.562
2016/6/7 23:50,0.563
2016/6/7 23:55,0.562
2016/6/8 0:00,0.56
2016/6/8 0:05,0.558
2016/6/8 0:10,0.556
2016/6/8 0:15,0.552
2016/6/8 0:20,0.548
2016/6/8 0:25,0.542
2016/6/8 0:30,0.536
2016/6/8 0:35,0.53
2016/6/8 0:40,0.523
2016/6/8 0:45,0.515
2016/6/8 0:50,0.507
2016/6/8 0:55,0.499
2016/6/8 1:00,0.491
2016/6/8 1:05,0.482
2016/6/8 1:10,0.474
2016/6/8 1:15,0.472
2016/6/8 1:20,0.463
2016/6/8 1:25,0.454
2016/6/8 1:30,0.445
2016/6/8 1:35,0.436
2016/6/8 1:40,0.426
2016/6/8 1:45,0.417
2016/6/8 1:50,0.408
2016/6/8 1:55,0.399
2016/6/8 2:00,0.389
2016/6/8 2:05,0.38
2016/6/8 2:10,0.371
2016/6/8 2:15,0.363
2016/6/8 2:20,0.362
2016/6/8 2:25,0.353
2016/6/8 2:30,0.344
2016/6/8 2:35,0.335
2016/6/8 2:40,0.327
2016/6/8 2:45,0.319
2016/6/8 2:50,0.31
2016/6/8 2:55,0.302
2016/6/8 3:00,0.295
2016/6/8 3:05,0.287
2016/6/8 3:10,0.279
2016/6/8 3:15,0.272
2016/6/8 3:20,0.265
2016/6/8 3:25,0.264
2016/6/8 3:30,0.257
2016/6/8 3:35,0.25
2016/6/8 3:40,0.243
2016/6/8 3:45,0.236
2016/6/8 3:50,0.23
2016/6/8 3:55,0.224
2016/6/8 4:00,0.218
2016/6/8 4:05,0.211
2016/6/8 4:10,0.206
2016/6/8 4:15,0.2
2016/6/8 4:20,0.194
2016/6/8 4:25,0.189
2016/6/8 4:30,0.188
2016/6/8 4:35,0.183
2016/6/8 4:40,0.178
2016/6/8 4:45,0.173
2016/6/8 4:50,0.168
2016/6/8 4:55,0.163
2016/6/8 5:00,0.159
2016/6/8 5:05,0.154
2016/6/8 5:10,0.15
2016/6/8 5:15,0.146
2016/6/8 5:20,0.141
2016/6/8 5:25,0.137
2016/6/8 5:30,0.133
2016/6/8 5:35,0.133
2016/6/8 5:40,0.129
2016/6/8 5:45,0.126
2016/6/8 5:50,0.122
2016/6/8 5:55,0.118
2016/6/8 6:00,0.115
2016/6/8 6:05,0.119
2016/6/8 6:10,0.122
2016/6/8 6:15,0.126
2016/6/8 6:20,0.129
2016/6/8 6:25,0.132
2016/6/8 6:30,0.135
2016/6/8 6:35,0.138
2016/6/8 6:40,0.141
2016/6/8 6:45,0.144
2016/6/8 6:50,0.146
2016/6/8 6:55,0.149
2016/6/8 7:00,0.151
2016/6/8 7:05,0.146
2016/6/8 7:10,0.141
2016/6/8 7:15,0.136
2016/6/8 7:20,0.128
2016/6/8 7:25,0.118
2016/6/8 7:30,0.109
2016/6/8 7:35,0.101
2016/6/8 7:40,0.093
2016/6/8 7:45,0.086
2016/6/8 7:50,0.079
2016/6/8 7:55,0.073
2016/6/8 8:00,0.067
2016/6/8 8:05,0.062
2016/6/8 8:10,0.057
2016/6/8 8:15,0.052
2016/6/8 8:20,0.047
2016/6/8 8:25,0.043
2016/6/8 8:30,0.04
2016/6/8 8:35,0.036
2016/6/8 8:40,0.033
2016/6/8 8:45,0.031
2016/6/8 8:50,0.028
2016/6/8 8:55,0.026
2016/6/8 9:00,0.024
2016/6/8 9:05,0.022
2016/6/8 9:10,0.02
2016/6/8 9:15,0.018
2016/6/8 9:20,0.017
2016/6/8 9:25,0.015
2016/6/8 9:30,0.014
2016/6/8 9:35,0.013
2016/6/8 9:40,0.012
2016/6/8 9:45,0.011
2016/6/8 9:50,0.01
2016/6/8 9:55,0.009
2016/6/8 10:00,0.008
2016/6/8 10:05,0.008
2016/6/8 10:10,0.007
2016/6/8 10:15,0.006
2016/6/8 10:20,0.006
2016/6/8 10:25,0.005
2016/6/8 10:30,0.005
2016/6/8 10:35,0.004
2016/6/8 10:40,0.004
2016/6/8 10:45,0.004
2016/6/8 10:50,0.003
2016/6/8 10:55,0.003
2016/6/8 11:00,0.003
2016/6/8 11:05,0.003
2016/6/8 11:10,0.002
2016/6/8 11:15,0.002
2016/6/8 11:20,0.002
2016/6/8 11:25,0.002
2016/6/8 11:30,0.002
2016/6/8 11:35,0.002
2016/6/8 11:40,0.001
2016/6/8 11:45,0.001
2016/6/8 11:50,0.001
2016/6/8 11:55,0.001
2016/6/8 12:00,0
2016/6/8 12:05,0
2016/6/8 12:10,0
2016/6/8 12:15,0
2016/6/8 12:20,0
2016/6/8 12:25,0
2016/6/8 12:30,0
2016/6/8 12:35,0
2016/6/8 12:40,0
2016/6/8 12:45,0
2016/6/8 12:50,0
2016/6/8 12:55,0
2016/6/8 13:00,0
2016/6/8 13:05,0
2016/6/8 13:10,0
2016/6/8 13:15,0
2016/6/8 13:20,0
2016/6/8 13:25,0
2016/6/8 13:30,0
2016/6/8 13:35,0
2016/6/8 13:40,0
2016/6/8 13:45,0
2016/6/8 13:50,0
2016/6/8 13:55,0
2016/6/8 14:00,0
2016/6/8 14:05,0
2016/6/8 14:10,0
2016/6/8 14:15,0
2016/6/8 14:20,0
2016/6/8 14:25,0
2016/6/8 14:30,0
2016/6/8 14:35,0
2016/6/8 14:40,0
2016/6/8 14:45,0
2016/6/8 14:50,0
2016/6/8 14:55,0
2016/6/8 15:00,0
2016/6/8 15:05,0
2016/6/8 15:10,0
2016/6/8 15:15,0
2016/6/8 15:20,0
2016/6/8 15:25,0
2016/6/8 15:30,0
2016/6/8 15:35,0
2016/6/8 15:40,0
2016/6/8 15:45,0
2016/6/8 15:50,0
2016/6/8 15:55,0
2016/6/8 16:00,0
2016/6/8 16:05,0
2016/6/8 16:10,0
2016/6/8 16:15,0
2016/6/8 16:20,0
2016/6/8 16:25,0
2016/6/8 16:30,0
2016/6/8 16:35,0
2016/6/8 16:40,0
2016/6/8 16:45,0
2016/6/8 16:50,0
2016/6/8 16:55,0
2016/6/8 17:00,0
2016/6/8 17:05,0
2016/6/8 17:10,0
2016/6/8 17:15,0
2016/6/8 17:20,0
2016/6/8 17:25,0
2016/6/8 17:30,0
2016/6/8 17:35,0
2016/6/8 17:40,0
2016/6/8 17:45,0
2016/6/8 17:50,0.001
2016/6/8 17:55,0.001
2016/6/8 18:00,0.001
2016/6/8 18:05,0.001
2016/6/8 18:10,0.001
2016/6/8 18:15,0.001
2016/6/8 18:20,0.001
2016/6/8 18:25,0.001
2016/6/8 18:30,0.001
2016/6/8 18:35,0.001
2016/6/8 18:40,0.001
2016/6/8 18:45,0.001
2016/6/8 18:50,0.001
2016/6/8 18:55,0.001
2016/6/8 19:00,0.002
2016/6/8 19:05,0.097
2016/6/8 19:10,0.184
2016/6/8 19:15,0.264
2016/6/8 19:20,0.338
2016/6/8 19:25,0.405
2016/6/8 19:30,0.467
2016/6/8 19:35,0.523
2016/6/8 19:40,0.575
2016/6/8 19:45,0.622
2016/6/8 19:50,0.666
2016/6/8 19:55,0.706
2016/6/8 20:00,0.742
2016/6/8 20:05,0.776
2016/6/8 20:10,0.807
2016/6/8 20:15,0.835
2016/6/8 20:20,0.861
2016/6/8 20:25,0.884
2016/6/8 20:30,0.906
2016/6/8 20:35,0.926
2016/6/8 20:40,0.944
2016/6/8 20:45,0.961
2016/6/8 20:50,0.977
2016/6/8 20:55,0.991
2016/6/8 21:00,1.004
2016/6/8 21:05,1.016
2016/6/8 21:10,1.027
2016/6/8 21:15,1.037
2016/6/8 21:20,1.046
2016/6/8 21:25,1.054
2016/6/8 21:30,1.062
2016/6/8 21:35,1.07
2016/6/8 21:40,1.076
2016/6/8 21:45,1.082
2016/6/8 21:50,1.088
2016/6/8 21:55,1.093
2016/6/8 22:00,1.098
2016/6/8 22:05,1.117
2016/6/8 22:10,1.135
2016/6/8 22:15,1.153
2016/6/8 22:20,1.169
2016/6/8 22:25,1.184
2016/6/8 22:30,1.199
2016/6/8 22:35,1.212
2016/6/8 22:40,1.225
2016/6/8 22:45,1.237
2016/6/8 22:50,1.248
2016/6/8 22:55,1.259
2016/6/8 23:00,1.269
2016/6/8 23:05,1.365
2016/6/8 23:10,1.366
2016/6/8 23:15,1.367
2016/6/8 23:20,1.368
2016/6/8 23:25,1.369
2016/6/8 23:30,1.371
2016/6/8 23:35,1.372
2016/6/8 23:40,1.374
2016/6/8 23:45,1.375
2016/6/8 23:50,1.376
2016/6/8 23:55,1.378
2016/6/9 0:00,1.379
2016/6/9 0:05,1.356
2016/6/9 0:10,1.452
2016/6/9 0:15,1.548
2016/6/9 0:20,1.643
2016/6/9 0:25,1.739
2016/6/9 0:30,1.685
2016/6/9 0:35,1.636
2016/6/9 0:40,1.592
2016/6/9 0:45,1.551
2016/6/9 0:50,1.514
2016/6/9 0:55,1.48
2016/6/9 1:00,1.449
2016/6/9 1:05,1.42
2016/6/9 1:10,1.394
2016/6/9 1:15,1.371
2016/6/9 1:20,1.349
2016/6/9 1:25,1.329
2016/6/9 1:30,1.425
2016/6/9 1:35,1.399
2016/6/9 1:40,1.375
2016/6/9 1:45,1.353
2016/6/9 1:50,1.333
2016/6/9 1:55,1.314
2016/6/9 2:00,1.298
2016/6/9 2:05,1.282
2016/6/9 2:10,1.268
2016/6/9 2:15,1.255
2016/6/9 2:20,1.244
2016/6/9 2:25,1.233
2016/6/9 2:30,1.223
2016/6/9 2:35,1.319
2016/6/9 2:40,1.302
2016/6/9 2:45,1.286
2016/6/9 2:50,1.272
2016/6/9 2:55,1.259
2016/6/9 3:00,1.247
2016/6/9 3:05,1.236
2016/6/9 3:10,1.226
2016/6/9 3:15,1.217
2016/6/9 3:20,1.208
2016/6/9 3:25,1.201
2016/6/9 3:30,1.194
2016/6/9 3:35,1.187
2016/6/9 3:40,1.283
2016/6/9 3:45,1.269
2016/6/9 3:50,1.257
2016/6/9 3:55,1.245
2016/6/9 4:00,1.234
2016/6/9 4:05,1.224
2016/6/9 4:10,1.215
2016/6/9 4:15,1.207
2016/6/9 4:20,1.199
2016/6/9 4:25,1.192
2016/6/9 4:30,1.186
2016/6/9 4:35,1.18
2016/6/9 4:40,1.175
2016/6/9 4:45,1.272
2016/6/9 4:50,1.259
2016/6/9 4:55,1.247
2016/6/9 5:00,1.236
2016/6/9 5:05,1.257
2016/6/9 5:10,1.251
2016/6/9 5:15,1.24
2016/6/9 5:20,1.23
2016/6/9 5:25,1.22
2016/6/9 5:30,1.212
2016/6/9 5:35,1.204
2016/6/9 5:40,1.197
2016/6/9 5:45,1.19
2016/6/9 5:50,1.287
2016/6/9 5:55,1.294
2016/6/9 6:00,1.28
2016/6/9 6:05,1.394
2016/6/9 6:10,1.509
2016/6/9 6:15,1.612
2016/6/9 6:20,1.709
2016/6/9 6:25,1.803
2016/6/9 6:30,1.895
2016/6/9 6:35,1.985
2016/6/9 6:40,2.073
2016/6/9 6:45,2.16
2016/6/9 6:50,2.245
2016/6/9 6:55,2.328
2016/6/9 7:00,2.409
2016/6/9 7:05,2.368
2016/6/9 7:10,2.331
2016/6/9 7:15,2.298
2016/6/9 7:20,2.268
2016/6/9 7:25,2.241
2016/6/9 7:30,2.216
2016/6/9 7:35,2.194
2016/6/9 7:40,2.172
2016/6/9 7:45,2.153
2016/6/9 7:50,2.135
2016/6/9 7:55,2.12
2016/6/9 8:00,2.106
2016/6/9 8:05,2.075
2016/6/9 8:10,2.048
2016/6/9 8:15,2.022
2016/6/9 8:20,1.999
2016/6/9 8:25,1.978
2016/6/9 8:30,1.958
2016/6/9 8:35,1.94
2016/6/9 8:40,1.923
2016/6/9 8:45,1.907
2016/6/9 8:50,1.893
2016/6/9 8:55,1.883
2016/6/9 9:00,1.87
2016/6/9 9:05,1.861
2016/6/9 9:10,1.852
2016/6/9 9:15,1.842
2016/6/9 9:20,1.83
2016/6/9 9:25,1.818
2016/6/9 9:30,1.808
2016/6/9 9:35,1.798
2016/6/9 9:40,1.788
2016/6/9 9:45,1.78
2016/6/9 9:50,1.772
2016/6/9 9:55,1.764
2016/6/9 10:00,1.757
2016/6/9 10:05,1.655
2016/6/9 10:10,1.561
2016/6/9 10:15,1.475
2016/6/9 10:20,1.395
2016/6/9 10:25,1.322
2016/6/9 10:30,1.254
2016/6/9 10:35,1.191
2016/6/9 10:40,1.133
2016/6/9 10:45,1.081
2016/6/9 10:50,1.033
2016/6/9 10:55,0.988
2016/6/9 11:00,0.947
2016/6/9 11:05,0.908
2016/6/9 11:10,0.871
2016/6/9 11:15,0.837
2016/6/9 11:20,0.805
2016/6/9 11:25,0.774
2016/6/9 11:30,0.746
2016/6/9 11:35,0.719
2016/6/9 11:40,0.694
2016/6/9 11:45,0.67
2016/6/9 11:50,0.648
2016/6/9 11:55,0.626
2016/6/9 12:00,0.606
2016/6/9 12:05,0.587
2016/6/9 12:10,0.569
2016/6/9 12:15,0.552
2016/6/9 12:20,0.535
2016/6/9 12:25,0.519
2016/6/9 12:30,0.504
2016/6/9 12:35,0.49
2016/6/9 12:40,0.476
2016/6/9 12:45,0.463
2016/6/9 12:50,0.451
2016/6/9 12:55,0.439
2016/6/9 13:00,0.427
2016/6/9 13:05,0.416
2016/6/9 13:10,0.406
2016/6/9 13:15,0.395
2016/6/9 13:20,0.386
2016/6/9 13:25,0.378
2016/6/9 13:30,0.37
2016/6/9 13:35,0.363
2016/6/9 13:40,0.354
2016/6/9 13:45,0.346
2016/6/9 13:50,0.338
2016/6/9 13:55,0.33
2016/6/9 14:00,0.322
2016/6/9 14:05,0.315
2016/6/9 14:10,0.307
2016/6/9 14:15,0.3
2016/6/9 14:20,0.293
2016/6/9 14:25,0.286
2016/6/9 14:30,0.28
2016/6/9 14:35,0.273
2016/6/9 14:40,0.267
2016/6/9 14:45,0.261
2016/6/9 14:50,0.256
2016/6/9 14:55,0.25
2016/6/9 15:00,0.244
2016/6/9 15:05,0.239
2016/6/9 15:10,0.235
2016/6/9 15:15,0.23
2016/6/9 15:20,0.225
2016/6/9 15:25,0.221
2016/6/9 15:30,0.216
2016/6/9 15:35,0.212
2016/6/9 15:40,0.207
2016/6/9 15:45,0.203
2016/6/9 15:50,0.199
2016/6/9 15:55,0.195
2016/6/9 16:00,0.191
2016/6/9 16:05,0.187
2016/6/9 16:10,0.183
2016/6/9 16:15,0.18
2016/6/9 16:20,0.176
2016/6/9 16:25,0.173
2016/6/9 16:30,0.17
2016/6/9 16:35,0.166
2016/6/9 16:40,0.163
2016/6/9 16:45,0.16
2016/6/9 16:50,0.157
2016/6/9 16:55,0.154
2016/6/9 17:00,0.151
2016/6/9 17:05,0.15
2016/6/9 17:10,0.149
2016/6/9 17:15,0.148
2016/6/9 17:20,0.148
2016/6/9 17:25,0.147
2016/6/9 17:30,0.146
2016/6/9 17:35,0.145
2016/6/9 17:40,0.144
2016/6/9 17:45,0.144
2016/6/9 17:50,0.143
2016/6/9 17:55,0.142
2016/6/9 18:00,0.141
2016/6/9 18:05,0.14
2016/6/9 18:10,0.139
2016/6/9 18:15,0.138
2016/6/9 18:20,0.137
2016/6/9 18:25,0.136
2016/6/9 18:30,0.135
2016/6/9 18:35,0.134
2016/6/9 18:40,0.132
2016/6/9 18:45,0.131
2016/6/9 18:50,0.129
2016/6/9 18:55,0.128
2016/6/9 19:00,0.127
2016/6/9 19:05,0.125
2016/6/9 19:10,0.124
2016/6/9 19:15,0.122
2016/6/9 19:20,0.121
2016/6/9 19:25,0.12
2016/6/9 19:30,0.119
2016/6/9 19:35,0.118
2016/6/9 19:40,0.117
2016/6/9 19:45,0.115
2016/6/9 19:50,0.114
2016/6/9 19:55,0.113
2016/6/9 20:00,0.112
2016/6/9 20:05,0.112
2016/6/9 20:10,0.111
2016/6/9 20:15,0.11
2016/6/9 20:20,0.108
2016/6/9 20:25,0.107
2016/6/9 20:30,0.106
2016/6/9 20:35,0.105
2016/6/9 20:40,0.104
2016/6/9 20:45,0.103
2016/6/9 20:50,0.102
2016/6/9 20:55,0.101
2016/6/9 21:00,0.1
2016/6/9 21:05,0.099
2016/6/9 21:10,0.098
2016/6/9 21:15,0.097
2016/6/9 21:20,0.096
2016/6/9 21:25,0.095
2016/6/9 21:30,0.094
2016/6/9 21:35,0.093
2016/6/9 21:40,0.092
2016/6/9 21:45,0.091
2016/6/9 21:50,0.09
2016/6/9 21:55,0.089
2016/6/9 22:00,0.088
2016/6/9 22:05,0.087
2016/6/9 22:10,0.087
2016/6/9 22:15,0.087
2016/6/9 22:20,0.087
2016/6/9 22:25,0.086
2016/6/9 22:30,0.079
2016/6/9 22:35,0.072
2016/6/9 22:40,0.066
2016/6/9 22:45,0.06
2016/6/9 22:50,0.055
2016/6/9 22:55,0.051
2016/6/9 23:00,0.046
2016/6/9 23:05,0.042
2016/6/9 23:10,0.039
2016/6/9 23:15,0.035
2016/6/9 23:20,0.032
2016/6/9 23:25,0.03
2016/6/9 23:30,0.03
2016/6/9 23:35,0.027
2016/6/9 23:40,0.025
2016/6/9 23:45,0.023
2016/6/9 23:50,0.021
2016/6/9 23:55,0.019
2016/6/10 0:00,0.017
2016/6/10 0:05,0.016
2016/6/10 0:10,0.014
2016/6/10 0:15,0.013
2016/6/10 0:20,0.012
2016/6/10 0:25,0.011
2016/6/10 0:30,0.01
2016/6/10 0:35,0.01
2016/6/10 0:40,0.009
2016/6/10 0:45,0.008
2016/6/10 0:50,0.008
2016/6/10 0:55,0.007
2016/6/10 1:00,0.006
2016/6/10 1:05,0.006
2016/6/10 1:10,0.005
2016/6/10 1:15,0.005
2016/6/10 1:20,0.005
2016/6/10 1:25,0.004
2016/6/10 1:30,0.004
2016/6/10 1:35,0.003
2016/6/10 1:40,0.003
2016/6/10 1:45,0.003
2016/6/10 1:50,0.003
2016/6/10 1:55,0.003
2016/6/10 2:00,0.002
2016/6/10 2:05,0.002
2016/6/10 2:10,0.002
2016/6/10 2:15,0.002
2016/6/10 2:20,0.002
2016/6/10 2:25,0.002
2016/6/10 2:30,0.001
2016/6/10 2:35,0.001
2016/6/10 2:40,0.001
2016/6/10 2:45,0.001
2016/6/10 2:50,0.001
2016/6/10 2:55,0
2016/6/10 3:00,0
2016/6/10 3:05,0
2016/6/10 3:10,0
2016/6/10 3:15,0
2016/6/10 3:20,0
2016/6/10 3:25,0
2016/6/10 3:30,0
2016/6/10 3:35,0
2016/6/10 3:40,0
2016/6/10 3:45,0
2016/6/10 3:50,0
2016/6/10 3:55,0
2016/6/10 4:00,0
2016/6/10 4:05,0
2016/6/10 4:10,0
2016/6/10 4:15,0
2016/6/10 4:20,0
2016/6/10 4:25,0
2016/6/10 4:30,0
2016/6/10 4:35,0
2016/6/10 4:40,0
2016/6/10 4:45,0
2016/6/10 4:50,0
2016/6/10 4:55,0
2016/6/10 5:00,0
2016/6/10 5:05,0.002
2016/6/10 5:10,0.002
2016/6/10 5:15,0.001
2016/6/10 5:20,0.001
2016/6/10 5:25,0.001
2016/6/10 5:30,0.001
2016/6/10 5:35,0.001
2016/6/10 5:40,0
2016/6/10 5:45,0
2016/6/10 5:50,0
2016/6/10 5:55,0
2016/6/10 6:00,0
2016/6/10 6:05,0.004
2016/6/10 6:10,0.007
2016/6/10 6:15,0.01
2016/6/10 6:20,0.013
2016/6/10 6:25,0.015
2016/6/10 6:30,0.018
2016/6/10 6:35,0.02
2016/6/10 6:40,0.022
2016/6/10 6:45,0.024
2016/6/10 6:50,0.026
2016/6/10 6:55,0.028
2016/6/10 7:00,0.029
2016/6/10 7:05,0.03
2016/6/10 7:10,0.03
2016/6/10 7:15,0.03
2016/6/10 7:20,0.03
2016/6/10 7:25,0.03
2016/6/10 7:30,0.03
2016/6/10 7:35,0.029
2016/6/10 7:40,0.029
2016/6/10 7:45,0.029
2016/6/10 7:50,0.029
2016/6/10 7:55,0.029
2016/6/10 8:00,0.029
2016/6/10 8:05,0.028
2016/6/10 8:10,0.027
2016/6/10 8:15,0.027
2016/6/10 8:20,0.026
2016/6/10 8:25,0.025
2016/6/10 8:30,0.025
2016/6/10 8:35,0.024
2016/6/10 8:40,0.024
2016/6/10 8:45,0.023
2016/6/10 8:50,0.023
2016/6/10 8:55,0.023
2016/6/10 9:00,0.022
2016/6/10 9:05,0.022
2016/6/10 9:10,0.021
2016/6/10 9:15,0.021
2016/6/10 9:20,0.02
2016/6/10 9:25,0.02
2016/6/10 9:30,0.019
2016/6/10 9:35,0.019
2016/6/10 9:40,0.018
2016/6/10 9:45,0.018
2016/6/10 9:50,0.018
2016/6/10 9:55,0.017
2016/6/10 10:00,0.017
2016/6/10 10:05,0.017
2016/6/10 10:10,0.017
2016/6/10 10:15,0.016
2016/6/10 10:20,0.016
2016/6/10 10:25,0.016
2016/6/10 10:30,0.016
2016/6/10 10:35,0.016
2016/6/10 10:40,0.016
2016/6/10 10:45,0.015
2016/6/10 10:50,0.015
2016/6/10 10:55,0.015
2016/6/10 11:00,0.015
2016/6/10 11:05,0.015
2016/6/10 11:10,0.014
2016/6/10 11:15,0.014
2016/6/10 11:20,0.014
2016/6/10 11:25,0.014
2016/6/10 11:30,0.014
2016/6/10 11:35,0.014
2016/6/10 11:40,0.013
2016/6/10 11:45,0.013
2016/6/10 11:50,0.013
2016/6/10 11:55,0.013
2016/6/10 12:00,0.013
2016/6/10 12:05,0.013
2016/6/10 12:10,0.013
2016/6/10 12:15,0.012
2016/6/10 12:20,0.012
2016/6/10 12:25,0.012
2016/6/10 12:30,0.012
2016/6/10 12:35,0.012
2016/6/10 12:40,0.011
2016/6/10 12:45,0.011
2016/6/10 12:50,0.011
2016/6/10 12:55,0.011
2016/6/10 13:00,0.011
2016/6/10 13:05,0.01
2016/6/10 13:10,0.01
2016/6/10 13:15,0.01
2016/6/10 13:20,0.01
2016/6/10 13:25,0.01
2016/6/10 13:30,0.01
2016/6/10 13:35,0.009
2016/6/10 13:40,0.009
2016/6/10 13:45,0.009
2016/6/10 13:50,0.009
2016/6/10 13:55,0.009
2016/6/10 14:00,0.008
2016/6/10 14:05,0.008
2016/6/10 14:10,0.008
2016/6/10 14:15,0.008
2016/6/10 14:20,0.008
2016/6/10 14:25,0.008
2016/6/10 14:30,0.007
2016/6/10 14:35,0.007
2016/6/10 14:40,0.007
2016/6/10 14:45,0.007
2016/6/10 14:50,0.007
2016/6/10 14:55,0.007
2016/6/10 15:00,0.006
2016/6/10 15:05,0.006
2016/6/10 15:10,0.006
2016/6/10 15:15,0.006
2016/6/10 15:20,0.006
2016/6/10 15:25,0.006
2016/6/10 15:30,0.006
2016/6/10 15:35,0.005
2016/6/10 15:40,0.005
2016/6/10 15:45,0.005
2016/6/10 15:50,0.005
2016/6/10 15:55,0.005
2016/6/10 16:00,0.005
2016/6/10 16:05,0.005
2016/6/10 16:10,0.005
2016/6/10 16:15,0.005
2016/6/10 16:20,0.004
2016/6/10 16:25,0.004
2016/6/10 16:30,0.004
2016/6/10 16:35,0.004
2016/6/10 16:40,0.004
2016/6/10 16:45,0.004
2016/6/10 16:50,0.004
2016/6/10 16:55,0.004
2016/6/10 17:00,0.004
2016/6/10 17:05,0.004
2016/6/10 17:10,0.004
2016/6/10 17:15,0.004
2016/6/10 17:20,0.004
2016/6/10 17:25,0.004
2016/6/10 17:30,0.004
2016/6/10 17:35,0.004
2016/6/10 17:40,0.004
2016/6/10 17:45,0.003
2016/6/10 17:50,0.003
2016/6/10 17:55,0.003
2016/6/10 18:00,0.003
2016/6/10 18:05,0.003
2016/6/10 18:10,0.003
2016/6/10 18:15,0.003
2016/6/10 18:20,0.003
2016/6/10 18:25,0.003
2016/6/10 18:30,0.003
2016/6/10 18:35,0.003
2016/6/10 18:40,0.003
2016/6/10 18:45,0.003
2016/6/10 18:50,0.003
2016/6/10 18:55,0.003
2016/6/10 19:00,0.003
2016/6/10 19:05,0.003
2016/6/10 19:10,0.003
2016/6/10 19:15,0.003
2016/6/10 19:20,0.003
2016/6/10 19:25,0.003
2016/6/10 19:30,0.003
2016/6/10 19:35,0.003
2016/6/10 19:40,0.003
2016/6/10 19:45,0.003
2016/6/10 19:50,0.003
2016/6/10 19:55,0.003
2016/6/10 20:00,0.003
2016/6/10 20:05,0.003
2016/6/10 20:10,0.003
2016/6/10 20:15,0.003
2016/6/10 20:20,0.003
2016/6/10 20:25,0.003
2016/6/10 20:30,0.003
2016/6/10 20:35,0.003
2016/6/10 20:40,0.003
2016/6/10 20:45,0.003
2016/6/10 20:50,0.003
2016/6/10 20:55,0.003
2016/6/10 21:00,0.003
2016/6/10 21:05,0.003
2016/6/10 21:10,0.003
2016/6/10 21:15,0.003
2016/6/10 21:20,0.003
2016/6/10 21:25,0.003
2016/6/10 21:30,0.003
2016/6/10 21:35,0.003
2016/6/10 21:40,0.003
2016/6/10 21:45,0.003
2016/6/10 21:50,0.003
2016/6/10 21:55,0.002
2016/6/10 22:00,0.002
2016/6/10 22:05,0.002
2016/6/10 22:10,0.002
2016/6/10 22:15,0.002
2016/6/10 22:20,0.002
2016/6/10 22:25,0.002
2016/6/10 22:30,0.002
2016/6/10 22:35,0.002
2016/6/10 22:40,0.002
2016/6/10 22:45,0.002
2016/6/10 22:50,0.002
2016/6/10 22:55,0.002
2016/6/10 23:00,0.002
2016/6/10 23:05,0.002
2016/6/10 23:10,0.002
2016/6/10 23:15,0.002
2016/6/10 23:20,0.002
2016/6/10 23:25,0.002
2016/6/10 23:30,0.001
2016/6/10 23:35,0.001
2016/6/10 23:40,0.001
2016/6/10 23:45,0.001
2016/6/10 23:50,0.001
2016/6/10 23:55,0.001
2016/6/11 0:00,0.001
2016/6/11 0:05,0.001
2016/6/11 0:10,0.001
2016/6/11 0:15,0.001
2016/6/11 0:20,0.001
2016/6/11 0:25,0.001
2016/6/11 0:30,0.001
2016/6/11 0:35,0.001
2016/6/11 0:40,0
2016/6/11 0:45,0
2016/6/11 0:50,0
2016/6/11 0:55,0
2016/6/11 1:00,0
2016/6/11 1:05,0
2016/6/11 1:10,0
2016/6/11 1:15,0
2016/6/11 1:20,0
2016/6/11 1:25,0
2016/6/11 1:30,0
2016/6/11 1:35,0
2016/6/11 1:40,0
2016/6/11 1:45,0
2016/6/11 1:50,0
2016/6/11 1:55,0
2016/6/11 2:00,0
2016/6/11 2:05,0
2016/6/11 2:10,0
2016/6/11 2:15,0
2016/6/11 2:20,0
2016/6/11 2:25,0
2016/6/11 2:30,0
2016/6/11 2:35,0
2016/6/11 2:40,0
2016/6/11 2:45,0
2016/6/11 2:50,0
2016/6/11 2:55,0
2016/6/11 3:00,0
2016/6/11 3:05,0
2016/6/11 3:10,0
2016/6/11 3:15,0
2016/6/11 3:20,0
2016/6/11 3:25,0
2016/6/11 3:30,0
2016/6/11 3:35,0
2016/6/11 3:40,0
2016/6/11 3:45,0
2016/6/11 3:50,0
2016/6/11 3:55,0
2016/6/11 4:00,0
2016/6/11 4:05,0
2016/6/11 4:10,0
2016/6/11 4:15,0
2016/6/11 4:20,0
2016/6/11 4:25,0
2016/6/11 4:30,0
2016/6/11 4:35,0
2016/6/11 4:40,0
2016/6/11 4:45,0
2016/6/11 4:50,0
2016/6/11 4:55,0
2016/6/11 5:00,0
2016/6/11 5:05,0
2016/6/11 5:10,0
2016/6/11 5:15,0
2016/6/11 5:20,0
2016/6/11 5:25,0
2016/6/11 5:30,0
2016/6/11 5:35,0
2016/6/11 5:40,0
2016/6/11 5:45,0
2016/6/11 5:50,0
2016/6/11 5:55,0
2016/6/11 6:00,0
2016/6/11 6:05,0
2016/6/11 6:10,0
2016/6/11 6:15,0
2016/6/11 6:20,0
2016/6/11 6:25,0
2016/6/11 6:30,0
2016/6/11 6:35,0
2016/6/11 6:40,0
2016/6/11 6:45,0
2016/6/11 6:50,0
2016/6/11 6:55,0
2016/6/11 7:00,0
2016/6/11 7:05,0
2016/6/11 7:10,0
2016/6/11 7:15,0
2016/6/11 7:20,0
2016/6/11 7:25,0
2016/6/11 7:30,0
2016/6/11 7:35,0
2016/6/11 7:40,0
2016/6/11 7:45,0
2016/6/11 7:50,0
2016/6/11 7:55,0
2016/6/11 8:00,0
2016/6/11 8:05,0
2016/6/11 8:10,0
2016/6/11 8:15,0
2016/6/11 8:20,0
2016/6/11 8:25,0
2016/6/11 8:30,0
2016/6/11 8:35,0
2016/6/11 8:40,0
2016/6/11 8:45,0
2016/6/11 8:50,0
2016/6/11 8:55,0
2016/6/11 9:00,0
2016/6/11 9:05,0
2016/6/11 9:10,0
2016/6/11 9:15,0
2016/6/11 9:20,0
2016/6/11 9:25,0
2016/6/11 9:30,0
2016/6/11 9:35,0
2016/6/11 9:40,0
2016/6/11 9:45,0
2016/6/11 9:50,0
2016/6/11 9:55,0
2016/6/11 10:00,0
2016/6/11 10:05,0
2016/6/11 10:10,0
2016/6/11 10:15,0
2016/6/11 10:20,0
2016/6/11 10:25,0
2016/6/11 10:30,0
2016/6/11 10:35,0
2016/6/11 10:40,0
2016/6/11 10:45,0
2016/6/11 10:50,0
2016/6/11 10:55,0
2016/6/11 11:00,0
2016/6/11 11:05,0
2016/6/11 11:10,0.003
2016/6/11 11:15,0.01
2016/6/11 11:20,0.019
2016/6/11 11:25,0.031
2016/6/11 11:30,0.046
2016/6/11 11:35,0.062
2016/6/11 11:40,0.081
2016/6/11 11:45,0.101
2016/6/11 11:50,0.122
2016/6/11 11:55,0.146
2016/6/11 12:00,0.17
2016/6/11 12:05,0.195
2016/6/11 12:10,0.222
2016/6/11 12:15,0.249
2016/6/11 12:20,0.277
2016/6/11 12:25,0.306
2016/6/11 12:30,0.335
2016/6/11 12:35,0.365
2016/6/11 12:40,0.395
2016/6/11 12:45,0.426
2016/6/11 12:50,0.456
2016/6/11 12:55,0.487
2016/6/11 13:00,0.518
2016/6/11 13:05,0.549
2016/6/11 13:10,0.58
2016/6/11 13:15,0.611
2016/6/11 13:20,0.643
2016/6/11 13:25,0.674
2016/6/11 13:30,0.705
2016/6/11 13:35,0.735
2016/6/11 13:40,0.766
2016/6/11 13:45,0.797
2016/6/11 13:50,0.827
2016/6/11 13:55,0.857
2016/6/11 14:00,0.887
2016/6/11 14:05,0.917
2016/6/11 14:10,0.947
2016/6/11 14:15,0.976
2016/6/11 14:20,1.005
2016/6/11 14:25,1.034
2016/6/11 14:30,1.062
2016/6/11 14:35,1.091
2016/6/11 14:40,1.119
2016/6/11 14:45,1.146
2016/6/11 14:50,1.174
2016/6/11 14:55,1.201
2016/6/11 15:00,1.228
2016/6/11 15:05,1.254
2016/6/11 15:10,1.281
2016/6/11 15:15,1.307
2016/6/11 15:20,1.332
2016/6/11 15:25,1.358
2016/6/11 15:30,1.383
2016/6/11 15:35,1.408
2016/6/11 15:40,1.433
2016/6/11 15:45,1.457
2016/6/11 15:50,1.481
2016/6/11 15:55,1.505
2016/6/11 16:00,1.529
2016/6/11 16:05,1.552
2016/6/11 16:10,1.575
2016/6/11 16:15,1.598
2016/6/11 16:20,1.62
2016/6/11 16:25,1.642
2016/6/11 16:30,1.664
2016/6/11 16:35,1.686
2016/6/11 16:40,1.708
2016/6/11 16:45,1.729
2016/6/11 16:50,1.75
2016/6/11 16:55,1.771
2016/6/11 17:00,1.791
2016/6/11 17:05,1.903
2016/6/11 17:10,2.012
2016/6/11 17:15,2.119
2016/6/11 17:20,2.224
2016/6/11 17:25,2.326
2016/6/11 17:30,2.427
2016/6/11 17:35,2.525
2016/6/11 17:40,2.622
2016/6/11 17:45,2.717
2016/6/11 17:50,2.811
2016/6/11 17:55,2.903
2016/6/11 18:00,2.993
2016/6/11 18:05,2.897
2016/6/11 18:10,2.806
2016/6/11 18:15,2.721
2016/6/11 18:20,2.64
2016/6/11 18:25,2.564
2016/6/11 18:30,2.492
2016/6/11 18:35,2.424
2016/6/11 18:40,2.36
2016/6/11 18:45,2.3
2016/6/11 18:50,2.243
2016/6/11 18:55,2.19
2016/6/11 19:00,2.139
2016/6/11 19:05,2.134
2016/6/11 19:10,2.089
2016/6/11 19:15,2.046
2016/6/11 19:20,2.005
2016/6/11 19:25,1.967
2016/6/11 19:30,1.931
2016/6/11 19:35,1.897
2016/6/11 19:40,1.865
2016/6/11 19:45,1.834
2016/6/11 19:50,1.805
2016/6/11 19:55,1.777
2016/6/11 20:00,1.751
2016/6/11 20:05,1.726
2016/6/11 20:10,1.722
2016/6/11 20:15,1.7
2016/6/11 20:20,1.68
2016/6/11 20:25,1.661
2016/6/11 20:30,1.642
2016/6/11 20:35,1.624
2016/6/11 20:40,1.604
2016/6/11 20:45,1.582
2016/6/11 20:50,1.557
2016/6/11 20:55,1.531
2016/6/11 21:00,1.504
2016/6/11 21:05,1.476
2016/6/11 21:10,1.447
2016/6/11 21:15,1.443
2016/6/11 21:20,1.412
2016/6/11 21:25,1.382
2016/6/11 21:30,1.351
2016/6/11 21:35,1.319
2016/6/11 21:40,1.288
2016/6/11 21:45,1.257
2016/6/11 21:50,1.226
2016/6/11 21:55,1.196
2016/6/11 22:00,1.165
2016/6/11 22:05,1.135
2016/6/11 22:10,1.106
2016/6/11 22:15,1.077
2016/6/11 22:20,1.074
2016/6/11 22:25,1.045
2016/6/11 22:30,1.016
2016/6/11 22:35,0.988
2016/6/11 22:40,0.961
2016/6/11 22:45,0.935
2016/6/11 22:50,0.908
2016/6/11 22:55,0.883
2016/6/11 23:00,0.858
2016/6/11 23:05,0.834
2016/6/11 23:10,0.81
2016/6/11 23:15,0.787
2016/6/11 23:20,0.765
2016/6/11 23:25,0.763
2016/6/11 23:30,0.741
2016/6/11 23:35,0.719
2016/6/11 23:40,0.698
2016/6/11 23:45,0.678
2016/6/11 23:50,0.658
2016/6/11 23:55,0.639
2016/6/12 0:00,0.62
2016/6/12 0:05,0.602
2016/6/12 0:10,0.585
2016/6/12 0:15,0.568
2016/6/12 0:20,0.551
2016/6/12 0:25,0.535
2016/6/12 0:30,0.534
2016/6/12 0:35,0.518
2016/6/12 0:40,0.503
2016/6/12 0:45,0.488
2016/6/12 0:50,0.473
2016/6/12 0:55,0.459
2016/6/12 1:00,0.446
2016/6/12 1:05,0.433
2016/6/12 1:10,0.42
2016/6/12 1:15,0.408
2016/6/12 1:20,0.396
2016/6/12 1:25,0.384
2016/6/12 1:30,0.373
2016/6/12 1:35,0.372
2016/6/12 1:40,0.361
2016/6/12 1:45,0.351
2016/6/12 1:50,0.34
2016/6/12 1:55,0.33
2016/6/12 2:00,0.321
2016/6/12 2:05,0.311
2016/6/12 2:10,0.302
2016/6/12 2:15,0.293
2016/6/12 2:20,0.285
2016/6/12 2:25,0.276
2016/6/12 2:30,0.268
2016/6/12 2:35,0.261
2016/6/12 2:40,0.26
2016/6/12 2:45,0.252
2016/6/12 2:50,0.245
2016/6/12 2:55,0.238
2016/6/12 3:00,0.231
2016/6/12 3:05,0.224
2016/6/12 3:10,0.217
2016/6/12 3:15,0.211
2016/6/12 3:20,0.205
2016/6/12 3:25,0.199
2016/6/12 3:30,0.193
2016/6/12 3:35,0.188
2016/6/12 3:40,0.182
2016/6/12 3:45,0.182
2016/6/12 3:50,0.176
2016/6/12 3:55,0.171
2016/6/12 4:00,0.166
2016/6/12 4:05,0.162
2016/6/12 4:10,0.157
2016/6/12 4:15,0.152
2016/6/12 4:20,0.148
2016/6/12 4:25,0.144
2016/6/12 4:30,0.14
2016/6/12 4:35,0.135
2016/6/12 4:40,0.132
2016/6/12 4:45,0.128
2016/6/12 4:50,0.128
2016/6/12 4:55,0.124
2016/6/12 5:00,0.12
2016/6/12 5:05,0.117
2016/6/12 5:10,0.113
2016/6/12 5:15,0.11
2016/6/12 5:20,0.107
2016/6/12 5:25,0.104
2016/6/12 5:30,0.101
2016/6/12 5:35,0.098
2016/6/12 5:40,0.095
2016/6/12 5:45,0.092
2016/6/12 5:50,0.09
2016/6/12 5:55,0.09
2016/6/12 6:00,0.087
2016/6/12 6:05,0.085
2016/6/12 6:10,0.082
2016/6/12 6:15,0.08
2016/6/12 6:20,0.077
2016/6/12 6:25,0.075
2016/6/12 6:30,0.073
2016/6/12 6:35,0.071
2016/6/12 6:40,0.069
2016/6/12 6:45,0.067
2016/6/12 6:50,0.065
2016/6/12 6:55,0.063
2016/6/12 7:00,0.063
2016/6/12 7:05,0.061
2016/6/12 7:10,0.06
2016/6/12 7:15,0.058
2016/6/12 7:20,0.056
2016/6/12 7:25,0.055
2016/6/12 7:30,0.053
2016/6/12 7:35,0.051
2016/6/12 7:40,0.05
2016/6/12 7:45,0.049
2016/6/12 7:50,0.047
2016/6/12 7:55,0.046
2016/6/12 8:00,0.045
2016/6/12 8:05,0.044
2016/6/12 8:10,0.043
2016/6/12 8:15,0.042
2016/6/12 8:20,0.041
2016/6/12 8:25,0.04
2016/6/12 8:30,0.038
2016/6/12 8:35,0.037
2016/6/12 8:40,0.036
2016/6/12 8:45,0.035
2016/6/12 8:50,0.034
2016/6/12 8:55,0.033
2016/6/12 9:00,0.032
2016/6/12 9:05,0.031
2016/6/12 9:10,0.031
2016/6/12 9:15,0.03
2016/6/12 9:20,0.03
2016/6/12 9:25,0.029
2016/6/12 9:30,0.028
2016/6/12 9:35,0.027
2016/6/12 9:40,0.026
2016/6/12 9:45,0.026
2016/6/12 9:50,0.025
2016/6/12 9:55,0.024
2016/6/12 10:00,0.024
2016/6/12 10:05,0.023
2016/6/12 10:10,0.022
2016/6/12 10:15,0.022
2016/6/12 10:20,0.022
2016/6/12 10:25,0.021
2016/6/12 10:30,0.02
2016/6/12 10:35,0.02
2016/6/12 10:40,0.019
2016/6/12 10:45,0.019
2016/6/12 10:50,0.018
2016/6/12 10:55,0.018
2016/6/12 11:00,0.017
2016/6/12 11:05,0.017
2016/6/12 11:10,0.016
2016/6/12 11:15,0.016
2016/6/12 11:20,0.016
2016/6/12 11:25,0.015
2016/6/12 11:30,0.015
2016/6/12 11:35,0.014
2016/6/12 11:40,0.014
2016/6/12 11:45,0.014
2016/6/12 11:50,0.013
2016/6/12 11:55,0.013
2016/6/12 12:00,0.012
2016/6/12 12:05,0.012
2016/6/12 12:10,0.012
2016/6/12 12:15,0.011
2016/6/12 12:20,0.011
2016/6/12 12:25,0.011
2016/6/12 12:30,0.011
2016/6/12 12:35,0.01
2016/6/12 12:40,0.01
2016/6/12 12:45,0.01
2016/6/12 12:50,0.01
2016/6/12 12:55,0.009
2016/6/12 13:00,0.009
2016/6/12 13:05,0.009
2016/6/12 13:10,0.009
2016/6/12 13:15,0.008
2016/6/12 13:20,0.008
2016/6/12 13:25,0.008
2016/6/12 13:30,0.008
2016/6/12 13:35,0.008
2016/6/12 13:40,0.007
2016/6/12 13:45,0.007
2016/6/12 13:50,0.007
2016/6/12 13:55,0.007
2016/6/12 14:00,0.007
2016/6/12 14:05,0.006
2016/6/12 14:10,0.006
2016/6/12 14:15,0.006
2016/6/12 14:20,0.006
2016/6/12 14:25,0.006
2016/6/12 14:30,0.006
2016/6/12 14:35,0.006
2016/6/12 14:40,0.005
2016/6/12 14:45,0.005
2016/6/12 14:50,0.005
2016/6/12 14:55,0.005
2016/6/12 15:00,0.005
2016/6/12 15:05,0.005
2016/6/12 15:10,0.005
2016/6/12 15:15,0.004
2016/6/12 15:20,0.004
2016/6/12 15:25,0.004
2016/6/12 15:30,0.004
2016/6/12 15:35,0.004
2016/6/12 15:40,0.004
2016/6/12 15:45,0.004
2016/6/12 15:50,0.004
2016/6/12 15:55,0.004
2016/6/12 16:00,0.003
2016/6/12 16:05,0.003
2016/6/12 16:10,0.003
2016/6/12 16:15,0.003
2016/6/12 16:20,0.003
2016/6/12 16:25,0.003
2016/6/12 16:30,0.003
2016/6/12 16:35,0.003
2016/6/12 16:40,0.003
2016/6/12 16:45,0.003
2016/6/12 16:50,0.003
2016/6/12 16:55,0.003
2016/6/12 17:00,0.003
2016/6/12 17:05,0.002
2016/6/12 17:10,0.002
2016/6/12 17:15,0.002
2016/6/12 17:20,0.002
2016/6/12 17:25,0.002
2016/6/12 17:30,0.002
2016/6/12 17:35,0.002
2016/6/12 17:40,0.002
2016/6/12 17:45,0.002
2016/6/12 17:50,0.002
2016/6/12 17:55,0.002
2016/6/12 18:00,0.002
2016/6/12 18:05,0.002
2016/6/12 18:10,0.002
2016/6/12 18:15,0.002
2016/6/12 18:20,0.002
2016/6/12 18:25,0.002
2016/6/12 18:30,0.002
2016/6/12 18:35,0.002
2016/6/12 18:40,0.001
2016/6/12 18:45,0.001
2016/6/12 18:50,0.001
2016/6/12 18:55,0.001
2016/6/12 19:00,0.001
2016/6/12 19:05,0.001
2016/6/12 19:10,0.001
2016/6/12 19:15,0.001
2016/6/12 19:20,0.001
2016/6/12 19:25,0.001
2016/6/12 19:30,0.001
2016/6/12 19:35,0.001
2016/6/12 19:40,0.001
2016/6/12 19:45,0.001
2016/6/12 19:50,0.001
2016/6/12 19:55,0
2016/6/12 20:00,0
2016/6/12 20:05,0
2016/6/12 20:10,0
2016/6/12 20:15,0
2016/6/12 20:20,0
2016/6/12 20:25,0
2016/6/12 20:30,0
2016/6/12 20:35,0
2016/6/12 20:40,0
2016/6/12 20:45,0
2016/6/12 20:50,0
2016/6/12 20:55,0
2016/6/12 21:00,0
2016/6/12 21:05,0
2016/6/12 21:10,0
2016/6/12 21:15,0
2016/6/12 21:20,0
2016/6/12 21:25,0
2016/6/12 21:30,0
2016/6/12 21:35,0
2016/6/12 21:40,0
2016/6/12 21:45,0
2016/6/12 21:50,0
2016/6/12 21:55,0
2016/6/12 22:00,0
2016/6/12 22:05,0
2016/6/12 22:10,0
2016/6/12 22:15,0
2016/6/12 22:20,0
2016/6/12 22:25,0
2016/6/12 22:30,0
2016/6/12 22:35,0
2016/6/12 22:40,0
2016/6/12 22:45,0
2016/6/12 22:50,0
2016/6/12 22:55,0
2016/6/12 23:00,0
2016/6/12 23:05,0
2016/6/12 23:10,0
2016/6/12 23:15,0
2016/6/12 23:20,0
2016/6/12 23:25,0
2016/6/12 23:30,0
2016/6/12 23:35,0
2016/6/12 23:40,0
2016/6/12 23:45,0
2016/6/12 23:50,0
2016/6/12 23:55,0
2016/6/13 0:00,0
2016/6/13 0:05,0
2016/6/13 0:10,0
2016/6/13 0:15,0
2016/6/13 0:20,0
2016/6/13 0:25,0
2016/6/13 0:30,0
2016/6/13 0:35,0
2016/6/13 0:40,0
2016/6/13 0:45,0
2016/6/13 0:50,0
2016/6/13 0:55,0
2016/6/13 1:00,0
2016/6/13 1:05,0
2016/6/13 1:10,0
2016/6/13 1:15,0
2016/6/13 1:20,0
2016/6/13 1:25,0
2016/6/13 1:30,0
2016/6/13 1:35,0
2016/6/13 1:40,0
2016/6/13 1:45,0
2016/6/13 1:50,0
2016/6/13 1:55,0
2016/6/13 2:00,0
2016/6/13 2:05,0
2016/6/13 2:10,0
2016/6/13 2:15,0
2016/6/13 2:20,0
2016/6/13 2:25,0
2016/6/13 2:30,0
2016/6/13 2:35,0
2016/6/13 2:40,0
2016/6/13 2:45,0
2016/6/13 2:50,0
2016/6/13 2:55,0
2016/6/13 3:00,0
2016/6/13 3:05,0
2016/6/13 3:10,0
2016/6/13 3:15,0
2016/6/13 3:20,0
2016/6/13 3:25,0
2016/6/13 3:30,0
2016/6/13 3:35,0
2016/6/13 3:40,0
2016/6/13 3:45,0
2016/6/13 3:50,0
2016/6/13 3:55,0
2016/6/13 4:00,0
2016/6/13 4:05,0
2016/6/13 4:10,0
2016/6/13 4:15,0
2016/6/13 4:20,0
2016/6/13 4:25,0
2016/6/13 4:30,0
2016/6/13 4:35,0
2016/6/13 4:40,0
2016/6/13 4:45,0
2016/6/13 4:50,0
2016/6/13 4:55,0
2016/6/13 5:00,0
2016/6/13 5:05,0
2016/6/13 5:10,0
2016/6/13 5:15,0
2016/6/13 5:20,0
2016/6/13 5:25,0
2016/6/13 5:30,0
2016/6/13 5:35,0
2016/6/13 5:40,0
2016/6/13 5:45,0
2016/6/13 5:50,0
2016/6/13 5:55,0
2016/6/13 6:00,0
2016/6/13 6:05,0
2016/6/13 6:10,0
2016/6/13 6:15,0
2016/6/13 6:20,0
2016/6/13 6:25,0
2016/6/13 6:30,0
2016/6/13 6:35,0
2016/6/13 6:40,0
2016/6/13 6:45,0
2016/6/13 6:50,0
2016/6/13 6:55,0
2016/6/13 7:00,0
2016/6/13 7:05,0
2016/6/13 7:10,0
2016/6/13 7:15,0
2016/6/13 7:20,0
2016/6/13 7:25,0
2016/6/13 7:30,0
2016/6/13 7:35,0
2016/6/13 7:40,0
2016/6/13 7:45,0
2016/6/13 7:50,0
2016/6/13 7:55,0
2016/6/13 8:00,0
2016/6/13 8:05,0
2016/6/13 8:10,0
2016/6/13 8:15,0
2016/6/13 8:20,0
2016/6/13 8:25,0
2016/6/13 8:30,0
2016/6/13 8:35,0
2016/6/13 8:40,0
2016/6/13 8:45,0
2016/6/13 8:50,0
2016/6/13 8:55,0
2016/6/13 9:00,0
2016/6/13 9:05,0
2016/6/13 9:10,0
2016/6/13 9:15,0
2016/6/13 9:20,0
2016/6/13 9:25,0
2016/6/13 9:30,0
2016/6/13 9:35,0
2016/6/13 9:40,0
2016/6/13 9:45,0
2016/6/13 9:50,0
2016/6/13 9:55,0
2016/6/13 10:00,0
2016/6/13 10:05,0
2016/6/13 10:10,0
2016/6/13 10:15,0
2016/6/13 10:20,0
2016/6/13 10:25,0
2016/6/13 10:30,0
2016/6/13 10:35,0
2016/6/13 10:40,0
2016/6/13 10:45,0
2016/6/13 10:50,0
2016/6/13 10:55,0
2016/6/13 11:00,0
2016/6/13 11:05,0
2016/6/13 11:10,0
2016/6/13 11:15,0
2016/6/13 11:20,0
2016/6/13 11:25,0
2016/6/13 11:30,0
2016/6/13 11:35,0
2016/6/13 11:40,0
2016/6/13 11:45,0
2016/6/13 11:50,0
2016/6/13 11:55,0
2016/6/13 12:00,0
2016/6/13 12:05,0
2016/6/13 12:10,0
2016/6/13 12:15,0
2016/6/13 12:20,0
2016/6/13 12:25,0
2016/6/13 12:30,0
2016/6/13 12:35,0
2016/6/13 12:40,0
2016/6/13 12:45,0
2016/6/13 12:50,0
2016/6/13 12:55,0
2016/6/13 13:00,0
2016/6/13 13:05,0
2016/6/13 13:10,0
2016/6/13 13:15,0
2016/6/13 13:20,0
2016/6/13 13:25,0
2016/6/13 13:30,0
2016/6/13 13:35,0
2016/6/13 13:40,0
2016/6/13 13:45,0
2016/6/13 13:50,0
2016/6/13 13:55,0
2016/6/13 14:00,0
2016/6/13 14:05,0
2016/6/13 14:10,0
2016/6/13 14:15,0
2016/6/13 14:20,0
2016/6/13 14:25,0
2016/6/13 14:30,0
2016/6/13 14:35,0
2016/6/13 14:40,0
2016/6/13 14:45,0
2016/6/13 14:50,0
2016/6/13 14:55,0
2016/6/13 15:00,0
2016/6/13 15:05,0
2016/6/13 15:10,0
2016/6/13 15:15,0
2016/6/13 15:20,0
2016/6/13 15:25,0
2016/6/13 15:30,0
2016/6/13 15:35,0
2016/6/13 15:40,0
2016/6/13 15:45,0
2016/6/13 15:50,0
2016/6/13 15:55,0
2016/6/13 16:00,0
2016/6/13 16:05,0
2016/6/13 16:10,0
2016/6/13 16:15,0
2016/6/13 16:20,0
2016/6/13 16:25,0
2016/6/13 16:30,0
2016/6/13 16:35,0
2016/6/13 16:40,0
2016/6/13 16:45,0
2016/6/13 16:50,0
2016/6/13 16:55,0
2016/6/13 17:00,0
2016/6/13 17:05,0
2016/6/13 17:10,0
2016/6/13 17:15,0
2016/6/13 17:20,0
2016/6/13 17:25,0
2016/6/13 17:30,0
2016/6/13 17:35,0
2016/6/13 17:40,0
2016/6/13 17:45,0
2016/6/13 17:50,0
2016/6/13 17:55,0
2016/6/13 18:00,0
2016/6/13 18:05,0
2016/6/13 18:10,0
2016/6/13 18:15,0
2016/6/13 18:20,0
2016/6/13 18:25,0
2016/6/13 18:30,0
2016/6/13 18:35,0
2016/6/13 18:40,0
2016/6/13 18:45,0
2016/6/13 18:50,0
2016/6/13 18:55,0
2016/6/13 19:00,0
2016/6/13 19:05,0
2016/6/13 19:10,0
2016/6/13 19:15,0
2016/6/13 19:20,0
2016/6/13 19:25,0
2016/6/13 19:30,0
2016/6/13 19:35,0
2016/6/13 19:40,0
2016/6/13 19:45,0
2016/6/13 19:50,0
2016/6/13 19:55,0
2016/6/13 20:00,0
2016/6/13 20:05,0
2016/6/13 20:10,0
2016/6/13 20:15,0
2016/6/13 20:20,0
2016/6/13 20:25,0
2016/6/13 20:30,0
2016/6/13 20:35,0
2016/6/13 20:40,0
2016/6/13 20:45,0
2016/6/13 20:50,0
2016/6/13 20:55,0
2016/6/13 21:00,0
2016/6/13 21:05,0
2016/6/13 21:10,0
2016/6/13 21:15,0
2016/6/13 21:20,0
2016/6/13 21:25,0
2016/6/13 21:30,0
2016/6/13 21:35,0
2016/6/13 21:40,0
2016/6/13 21:45,0
2016/6/13 21:50,0
2016/6/13 21:55,0
2016/6/13 22:00,0
2016/6/13 22:05,0
2016/6/13 22:10,0
2016/6/13 22:15,0
2016/6/13 22:20,0
2016/6/13 22:25,0
2016/6/13 22:30,0
2016/6/13 22:35,0
2016/6/13 22:40,0
2016/6/13 22:45,0
2016/6/13 22:50,0
2016/6/13 22:55,0
2016/6/13 23:00,0
2016/6/13 23:05,0
2016/6/13 23:10,0
2016/6/13 23:15,0
2016/6/13 23:20,0
2016/6/13 23:25,0
2016/6/13 23:30,0
2016/6/13 23:35,0
2016/6/13 23:40,0
2016/6/13 23:45,0
2016/6/13 23:50,0
2016/6/13 23:55,0